Determining if the __GLIBC__ exist failed with the following output:
Change Dir: /Users/abhishekshivakumar/gamedev/shadow/Example/SpriteSheet/xbuild/CMakeFiles/CMakeTmp

Run Build Command(s):/usr/bin/xcodebuild -project CMAKE_TRY_COMPILE.xcodeproj build -target cmTC_36a0f -parallelizeTargets -configuration Debug -hideShellScriptEnvironment && Command line invocation:
    /Applications/Xcode.app/Contents/Developer/usr/bin/xcodebuild -project CMAKE_TRY_COMPILE.xcodeproj build -target cmTC_36a0f -parallelizeTargets -configuration Debug -hideShellScriptEnvironment

User defaults from command line:
    HideShellScriptEnvironment = YES
    IDEPackageSupportUseBuiltinSCM = YES

ComputeTargetDependencyGraph
note: Building targets in dependency order
note: Target dependency graph (1 target)
    Target 'cmTC_36a0f' in project 'CMAKE_TRY_COMPILE' (no dependencies)

GatherProvisioningInputs

CreateBuildDescription
Build description signature: 185eb5c393a0fcff8ca0b9e1189e175c
Build description path: /Users/abhishekshivakumar/gamedev/shadow/Example/SpriteSheet/xbuild/CMakeFiles/CMakeTmp/build/XCBuildData/185eb5c393a0fcff8ca0b9e1189e175c.xcbuilddata

CreateBuildDirectory /Users/abhishekshivakumar/gamedev/shadow/Example/SpriteSheet/xbuild/CMakeFiles/CMakeTmp
    cd /Users/abhishekshivakumar/gamedev/shadow/Example/SpriteSheet/xbuild/CMakeFiles/CMakeTmp/CMAKE_TRY_COMPILE.xcodeproj
    builtin-create-build-directory /Users/abhishekshivakumar/gamedev/shadow/Example/SpriteSheet/xbuild/CMakeFiles/CMakeTmp

ClangStatCache /Applications/Xcode.app/Contents/Developer/Toolchains/XcodeDefault.xctoolchain/usr/bin/clang-stat-cache /Applications/Xcode.app/Contents/Developer/Platforms/MacOSX.platform/Developer/SDKs/MacOSX14.2.sdk /var/folders/x5/smn11rt108jfspkvy3k6yl880000gn/C/com.apple.DeveloperTools/15.2-15C500b/Xcode/SDKStatCaches.noindex/macosx14.2-23C53-df0db8920d7ae99241a1bc0f08d2dced.sdkstatcache
    cd /Users/abhishekshivakumar/gamedev/shadow/Example/SpriteSheet/xbuild/CMakeFiles/CMakeTmp/CMAKE_TRY_COMPILE.xcodeproj
    /Applications/Xcode.app/Contents/Developer/Toolchains/XcodeDefault.xctoolchain/usr/bin/clang-stat-cache /Applications/Xcode.app/Contents/Developer/Platforms/MacOSX.platform/Developer/SDKs/MacOSX14.2.sdk -o /var/folders/x5/smn11rt108jfspkvy3k6yl880000gn/C/com.apple.DeveloperTools/15.2-15C500b/Xcode/SDKStatCaches.noindex/macosx14.2-23C53-df0db8920d7ae99241a1bc0f08d2dced.sdkstatcache

CreateBuildDirectory /Users/abhishekshivakumar/gamedev/shadow/Example/SpriteSheet/xbuild/CMakeFiles/CMakeTmp/Debug
    cd /Users/abhishekshivakumar/gamedev/shadow/Example/SpriteSheet/xbuild/CMakeFiles/CMakeTmp/CMAKE_TRY_COMPILE.xcodeproj
    builtin-create-build-directory /Users/abhishekshivakumar/gamedev/shadow/Example/SpriteSheet/xbuild/CMakeFiles/CMakeTmp/Debug

CreateBuildDirectory /Users/abhishekshivakumar/gamedev/shadow/Example/SpriteSheet/xbuild/CMakeFiles/CMakeTmp/EagerLinkingTBDs/Debug
    cd /Users/abhishekshivakumar/gamedev/shadow/Example/SpriteSheet/xbuild/CMakeFiles/CMakeTmp/CMAKE_TRY_COMPILE.xcodeproj
    builtin-create-build-directory /Users/abhishekshivakumar/gamedev/shadow/Example/SpriteSheet/xbuild/CMakeFiles/CMakeTmp/EagerLinkingTBDs/Debug

WriteAuxiliaryFile /Users/abhishekshivakumar/gamedev/shadow/Example/SpriteSheet/xbuild/CMakeFiles/CMakeTmp/CMAKE_TRY_COMPILE.build/Debug/cmTC_36a0f.build/Objects-normal/arm64/cmTC_36a0f.LinkFileList (in target 'cmTC_36a0f' from project 'CMAKE_TRY_COMPILE')
    cd /Users/abhishekshivakumar/gamedev/shadow/Example/SpriteSheet/xbuild/CMakeFiles/CMakeTmp
    write-file /Users/abhishekshivakumar/gamedev/shadow/Example/SpriteSheet/xbuild/CMakeFiles/CMakeTmp/CMAKE_TRY_COMPILE.build/Debug/cmTC_36a0f.build/Objects-normal/arm64/cmTC_36a0f.LinkFileList

CompileC /Users/abhishekshivakumar/gamedev/shadow/Example/SpriteSheet/xbuild/CMakeFiles/CMakeTmp/CMAKE_TRY_COMPILE.build/Debug/cmTC_36a0f.build/Objects-normal/arm64/CheckSymbolExists.o /Users/abhishekshivakumar/gamedev/shadow/Example/SpriteSheet/xbuild/CMakeFiles/CMakeTmp/CheckSymbolExists.c normal arm64 c com.apple.compilers.llvm.clang.1_0.compiler (in target 'cmTC_36a0f' from project 'CMAKE_TRY_COMPILE')
    cd /Users/abhishekshivakumar/gamedev/shadow/Example/SpriteSheet/xbuild/CMakeFiles/CMakeTmp
    /Applications/Xcode.app/Contents/Developer/Toolchains/XcodeDefault.xctoolchain/usr/bin/clang -x c -ivfsstatcache /var/folders/x5/smn11rt108jfspkvy3k6yl880000gn/C/com.apple.DeveloperTools/15.2-15C500b/Xcode/SDKStatCaches.noindex/macosx14.2-23C53-df0db8920d7ae99241a1bc0f08d2dced.sdkstatcache -target arm64-apple-macos14.2 -fmessage-length\=0 -fdiagnostics-show-note-include-stack -fmacro-backtrace-limit\=0 -fno-color-diagnostics -Wno-trigraphs -fpascal-strings -O0 -Wno-missing-field-initializers -Wno-missing-prototypes -Wno-return-type -Wno-missing-braces -Wparentheses -Wswitch -Wno-unused-function -Wno-unused-label -Wno-unused-parameter -Wno-unused-variable -Wunused-value -Wno-empty-body -Wno-uninitialized -Wno-unknown-pragmas -Wno-shadow -Wno-four-char-constants -Wno-conversion -Wno-constant-conversion -Wno-int-conversion -Wno-bool-conversion -Wno-enum-conversion -Wno-float-conversion -Wno-non-literal-null-conversion -Wno-objc-literal-conversion -Wshorten-64-to-32 -Wpointer-sign -Wno-newline-eof -Wno-implicit-fallthrough -DCMAKE_INTDIR\=\"Debug\" -isysroot /Applications/Xcode.app/Contents/Developer/Platforms/MacOSX.platform/Developer/SDKs/MacOSX14.2.sdk -fstrict-aliasing -Wdeprecated-declarations -g -Wno-sign-conversion -Wno-infinite-recursion -Wno-comma -Wno-block-capture-autoreleasing -Wno-strict-prototypes -Wno-semicolon-before-method-body -I/Users/abhishekshivakumar/gamedev/shadow/Example/SpriteSheet/xbuild/CMakeFiles/CMakeTmp/Debug/include -I/Users/abhishekshivakumar/gamedev/shadow/Example/SpriteSheet/xbuild/CMakeFiles/CMakeTmp/CMAKE_TRY_COMPILE.build/Debug/cmTC_36a0f.build/DerivedSources-normal/arm64 -I/Users/abhishekshivakumar/gamedev/shadow/Example/SpriteSheet/xbuild/CMakeFiles/CMakeTmp/CMAKE_TRY_COMPILE.build/Debug/cmTC_36a0f.build/DerivedSources/arm64 -I/Users/abhishekshivakumar/gamedev/shadow/Example/SpriteSheet/xbuild/CMakeFiles/CMakeTmp/CMAKE_TRY_COMPILE.build/Debug/cmTC_36a0f.build/DerivedSources -F/Users/abhishekshivakumar/gamedev/shadow/Example/SpriteSheet/xbuild/CMakeFiles/CMakeTmp/Debug -MMD -MT dependencies -MF /Users/abhishekshivakumar/gamedev/shadow/Example/SpriteSheet/xbuild/CMakeFiles/CMakeTmp/CMAKE_TRY_COMPILE.build/Debug/cmTC_36a0f.build/Objects-normal/arm64/CheckSymbolExists.d --serialize-diagnostics /Users/abhishekshivakumar/gamedev/shadow/Example/SpriteSheet/xbuild/CMakeFiles/CMakeTmp/CMAKE_TRY_COMPILE.build/Debug/cmTC_36a0f.build/Objects-normal/arm64/CheckSymbolExists.dia -c /Users/abhishekshivakumar/gamedev/shadow/Example/SpriteSheet/xbuild/CMakeFiles/CMakeTmp/CheckSymbolExists.c -o /Users/abhishekshivakumar/gamedev/shadow/Example/SpriteSheet/xbuild/CMakeFiles/CMakeTmp/CMAKE_TRY_COMPILE.build/Debug/cmTC_36a0f.build/Objects-normal/arm64/CheckSymbolExists.o
/Users/abhishekshivakumar/gamedev/shadow/Example/SpriteSheet/xbuild/CMakeFiles/CMakeTmp/CheckSymbolExists.c:8:19: error: use of undeclared identifier '__GLIBC__'
  return ((int*)(&__GLIBC__))[argc];
                  ^
1 error generated.

** BUILD FAILED **


The following build commands failed:
	CompileC /Users/abhishekshivakumar/gamedev/shadow/Example/SpriteSheet/xbuild/CMakeFiles/CMakeTmp/CMAKE_TRY_COMPILE.build/Debug/cmTC_36a0f.build/Objects-normal/arm64/CheckSymbolExists.o /Users/abhishekshivakumar/gamedev/shadow/Example/SpriteSheet/xbuild/CMakeFiles/CMakeTmp/CheckSymbolExists.c normal arm64 c com.apple.compilers.llvm.clang.1_0.compiler (in target 'cmTC_36a0f' from project 'CMAKE_TRY_COMPILE')
(1 failure)


File /Users/abhishekshivakumar/gamedev/shadow/Example/SpriteSheet/xbuild/CMakeFiles/CMakeTmp/CheckSymbolExists.c:
/* */
#include <stdlib.h>

int main(int argc, char** argv)
{
  (void)argv;
#ifndef __GLIBC__
  return ((int*)(&__GLIBC__))[argc];
#else
  (void)argc;
  return 0;
#endif
}
Performing C SOURCE FILE Test CHECK_CPU_ARCHITECTURE_X86 failed with the following output:
Change Dir: /Users/abhishekshivakumar/gamedev/shadow/Example/SpriteSheet/xbuild/CMakeFiles/CMakeTmp

Run Build Command(s):/usr/bin/xcodebuild -project CMAKE_TRY_COMPILE.xcodeproj build -target cmTC_74223 -parallelizeTargets -configuration Debug -hideShellScriptEnvironment && Command line invocation:
    /Applications/Xcode.app/Contents/Developer/usr/bin/xcodebuild -project CMAKE_TRY_COMPILE.xcodeproj build -target cmTC_74223 -parallelizeTargets -configuration Debug -hideShellScriptEnvironment

User defaults from command line:
    HideShellScriptEnvironment = YES
    IDEPackageSupportUseBuiltinSCM = YES

ComputeTargetDependencyGraph
note: Building targets in dependency order
note: Target dependency graph (1 target)
    Target 'cmTC_74223' in project 'CMAKE_TRY_COMPILE' (no dependencies)

GatherProvisioningInputs

CreateBuildDescription
Build description signature: 5f0c83cb36de9905261f61d7bded9f11
Build description path: /Users/abhishekshivakumar/gamedev/shadow/Example/SpriteSheet/xbuild/CMakeFiles/CMakeTmp/build/XCBuildData/5f0c83cb36de9905261f61d7bded9f11.xcbuilddata

CreateBuildDirectory /Users/abhishekshivakumar/gamedev/shadow/Example/SpriteSheet/xbuild/CMakeFiles/CMakeTmp
    cd /Users/abhishekshivakumar/gamedev/shadow/Example/SpriteSheet/xbuild/CMakeFiles/CMakeTmp/CMAKE_TRY_COMPILE.xcodeproj
    builtin-create-build-directory /Users/abhishekshivakumar/gamedev/shadow/Example/SpriteSheet/xbuild/CMakeFiles/CMakeTmp

ClangStatCache /Applications/Xcode.app/Contents/Developer/Toolchains/XcodeDefault.xctoolchain/usr/bin/clang-stat-cache /Applications/Xcode.app/Contents/Developer/Platforms/MacOSX.platform/Developer/SDKs/MacOSX14.2.sdk /var/folders/x5/smn11rt108jfspkvy3k6yl880000gn/C/com.apple.DeveloperTools/15.2-15C500b/Xcode/SDKStatCaches.noindex/macosx14.2-23C53-df0db8920d7ae99241a1bc0f08d2dced.sdkstatcache
    cd /Users/abhishekshivakumar/gamedev/shadow/Example/SpriteSheet/xbuild/CMakeFiles/CMakeTmp/CMAKE_TRY_COMPILE.xcodeproj
    /Applications/Xcode.app/Contents/Developer/Toolchains/XcodeDefault.xctoolchain/usr/bin/clang-stat-cache /Applications/Xcode.app/Contents/Developer/Platforms/MacOSX.platform/Developer/SDKs/MacOSX14.2.sdk -o /var/folders/x5/smn11rt108jfspkvy3k6yl880000gn/C/com.apple.DeveloperTools/15.2-15C500b/Xcode/SDKStatCaches.noindex/macosx14.2-23C53-df0db8920d7ae99241a1bc0f08d2dced.sdkstatcache

CreateBuildDirectory /Users/abhishekshivakumar/gamedev/shadow/Example/SpriteSheet/xbuild/CMakeFiles/CMakeTmp/Debug
    cd /Users/abhishekshivakumar/gamedev/shadow/Example/SpriteSheet/xbuild/CMakeFiles/CMakeTmp/CMAKE_TRY_COMPILE.xcodeproj
    builtin-create-build-directory /Users/abhishekshivakumar/gamedev/shadow/Example/SpriteSheet/xbuild/CMakeFiles/CMakeTmp/Debug

CreateBuildDirectory /Users/abhishekshivakumar/gamedev/shadow/Example/SpriteSheet/xbuild/CMakeFiles/CMakeTmp/EagerLinkingTBDs/Debug
    cd /Users/abhishekshivakumar/gamedev/shadow/Example/SpriteSheet/xbuild/CMakeFiles/CMakeTmp/CMAKE_TRY_COMPILE.xcodeproj
    builtin-create-build-directory /Users/abhishekshivakumar/gamedev/shadow/Example/SpriteSheet/xbuild/CMakeFiles/CMakeTmp/EagerLinkingTBDs/Debug

WriteAuxiliaryFile /Users/abhishekshivakumar/gamedev/shadow/Example/SpriteSheet/xbuild/CMakeFiles/CMakeTmp/CMAKE_TRY_COMPILE.build/Debug/cmTC_74223.build/Objects-normal/arm64/cmTC_74223.LinkFileList (in target 'cmTC_74223' from project 'CMAKE_TRY_COMPILE')
    cd /Users/abhishekshivakumar/gamedev/shadow/Example/SpriteSheet/xbuild/CMakeFiles/CMakeTmp
    write-file /Users/abhishekshivakumar/gamedev/shadow/Example/SpriteSheet/xbuild/CMakeFiles/CMakeTmp/CMAKE_TRY_COMPILE.build/Debug/cmTC_74223.build/Objects-normal/arm64/cmTC_74223.LinkFileList

CompileC /Users/abhishekshivakumar/gamedev/shadow/Example/SpriteSheet/xbuild/CMakeFiles/CMakeTmp/CMAKE_TRY_COMPILE.build/Debug/cmTC_74223.build/Objects-normal/arm64/src.o /Users/abhishekshivakumar/gamedev/shadow/Example/SpriteSheet/xbuild/CMakeFiles/CMakeTmp/src.c normal arm64 c com.apple.compilers.llvm.clang.1_0.compiler (in target 'cmTC_74223' from project 'CMAKE_TRY_COMPILE')
    cd /Users/abhishekshivakumar/gamedev/shadow/Example/SpriteSheet/xbuild/CMakeFiles/CMakeTmp
    /Applications/Xcode.app/Contents/Developer/Toolchains/XcodeDefault.xctoolchain/usr/bin/clang -x c -ivfsstatcache /var/folders/x5/smn11rt108jfspkvy3k6yl880000gn/C/com.apple.DeveloperTools/15.2-15C500b/Xcode/SDKStatCaches.noindex/macosx14.2-23C53-df0db8920d7ae99241a1bc0f08d2dced.sdkstatcache -target arm64-apple-macos14.2 -fmessage-length\=0 -fdiagnostics-show-note-include-stack -fmacro-backtrace-limit\=0 -fno-color-diagnostics -Wno-trigraphs -fpascal-strings -O0 -Wno-missing-field-initializers -Wno-missing-prototypes -Wno-return-type -Wno-missing-braces -Wparentheses -Wswitch -Wno-unused-function -Wno-unused-label -Wno-unused-parameter -Wno-unused-variable -Wunused-value -Wno-empty-body -Wno-uninitialized -Wno-unknown-pragmas -Wno-shadow -Wno-four-char-constants -Wno-conversion -Wno-constant-conversion -Wno-int-conversion -Wno-bool-conversion -Wno-enum-conversion -Wno-float-conversion -Wno-non-literal-null-conversion -Wno-objc-literal-conversion -Wshorten-64-to-32 -Wpointer-sign -Wno-newline-eof -Wno-implicit-fallthrough -DCMAKE_INTDIR\=\"Debug\" -DCHECK_CPU_ARCHITECTURE_X86 -isysroot /Applications/Xcode.app/Contents/Developer/Platforms/MacOSX.platform/Developer/SDKs/MacOSX14.2.sdk -fstrict-aliasing -Wdeprecated-declarations -g -Wno-sign-conversion -Wno-infinite-recursion -Wno-comma -Wno-block-capture-autoreleasing -Wno-strict-prototypes -Wno-semicolon-before-method-body -I/Users/abhishekshivakumar/gamedev/shadow/Example/SpriteSheet/xbuild/CMakeFiles/CMakeTmp/Debug/include -I/Users/abhishekshivakumar/gamedev/shadow/Example/SpriteSheet/xbuild/CMakeFiles/CMakeTmp/CMAKE_TRY_COMPILE.build/Debug/cmTC_74223.build/DerivedSources-normal/arm64 -I/Users/abhishekshivakumar/gamedev/shadow/Example/SpriteSheet/xbuild/CMakeFiles/CMakeTmp/CMAKE_TRY_COMPILE.build/Debug/cmTC_74223.build/DerivedSources/arm64 -I/Users/abhishekshivakumar/gamedev/shadow/Example/SpriteSheet/xbuild/CMakeFiles/CMakeTmp/CMAKE_TRY_COMPILE.build/Debug/cmTC_74223.build/DerivedSources -F/Users/abhishekshivakumar/gamedev/shadow/Example/SpriteSheet/xbuild/CMakeFiles/CMakeTmp/Debug -MMD -MT dependencies -MF /Users/abhishekshivakumar/gamedev/shadow/Example/SpriteSheet/xbuild/CMakeFiles/CMakeTmp/CMAKE_TRY_COMPILE.build/Debug/cmTC_74223.build/Objects-normal/arm64/src.d --serialize-diagnostics /Users/abhishekshivakumar/gamedev/shadow/Example/SpriteSheet/xbuild/CMakeFiles/CMakeTmp/CMAKE_TRY_COMPILE.build/Debug/cmTC_74223.build/Objects-normal/arm64/src.dia -c /Users/abhishekshivakumar/gamedev/shadow/Example/SpriteSheet/xbuild/CMakeFiles/CMakeTmp/src.c -o /Users/abhishekshivakumar/gamedev/shadow/Example/SpriteSheet/xbuild/CMakeFiles/CMakeTmp/CMAKE_TRY_COMPILE.build/Debug/cmTC_74223.build/Objects-normal/arm64/src.o
/Users/abhishekshivakumar/gamedev/shadow/Example/SpriteSheet/xbuild/CMakeFiles/CMakeTmp/src.c:6:3: error: use of undeclared identifier 'choke'
  choke
  ^
1 error generated.

** BUILD FAILED **


The following build commands failed:
	CompileC /Users/abhishekshivakumar/gamedev/shadow/Example/SpriteSheet/xbuild/CMakeFiles/CMakeTmp/CMAKE_TRY_COMPILE.build/Debug/cmTC_74223.build/Objects-normal/arm64/src.o /Users/abhishekshivakumar/gamedev/shadow/Example/SpriteSheet/xbuild/CMakeFiles/CMakeTmp/src.c normal arm64 c com.apple.compilers.llvm.clang.1_0.compiler (in target 'cmTC_74223' from project 'CMAKE_TRY_COMPILE')
(1 failure)


Source file was:

int main(int argc, char *argv[]) {
#if defined(__i386__) || defined(__i486__) || defined(__i586__) || defined(__i686__) ||defined( __i386) || defined(_M_IX86)
  return 0;
#else
  choke
#endif
}

Performing C SOURCE FILE Test CHECK_CPU_ARCHITECTURE_X64 failed with the following output:
Change Dir: /Users/abhishekshivakumar/gamedev/shadow/Example/SpriteSheet/xbuild/CMakeFiles/CMakeTmp

Run Build Command(s):/usr/bin/xcodebuild -project CMAKE_TRY_COMPILE.xcodeproj build -target cmTC_39f19 -parallelizeTargets -configuration Debug -hideShellScriptEnvironment && Command line invocation:
    /Applications/Xcode.app/Contents/Developer/usr/bin/xcodebuild -project CMAKE_TRY_COMPILE.xcodeproj build -target cmTC_39f19 -parallelizeTargets -configuration Debug -hideShellScriptEnvironment

User defaults from command line:
    HideShellScriptEnvironment = YES
    IDEPackageSupportUseBuiltinSCM = YES

ComputeTargetDependencyGraph
note: Building targets in dependency order
note: Target dependency graph (1 target)
    Target 'cmTC_39f19' in project 'CMAKE_TRY_COMPILE' (no dependencies)

GatherProvisioningInputs

CreateBuildDescription
Build description signature: 61049f88a6172f2ccfa9e784b6194ab9
Build description path: /Users/abhishekshivakumar/gamedev/shadow/Example/SpriteSheet/xbuild/CMakeFiles/CMakeTmp/build/XCBuildData/61049f88a6172f2ccfa9e784b6194ab9.xcbuilddata

CreateBuildDirectory /Users/abhishekshivakumar/gamedev/shadow/Example/SpriteSheet/xbuild/CMakeFiles/CMakeTmp
    cd /Users/abhishekshivakumar/gamedev/shadow/Example/SpriteSheet/xbuild/CMakeFiles/CMakeTmp/CMAKE_TRY_COMPILE.xcodeproj
    builtin-create-build-directory /Users/abhishekshivakumar/gamedev/shadow/Example/SpriteSheet/xbuild/CMakeFiles/CMakeTmp

ClangStatCache /Applications/Xcode.app/Contents/Developer/Toolchains/XcodeDefault.xctoolchain/usr/bin/clang-stat-cache /Applications/Xcode.app/Contents/Developer/Platforms/MacOSX.platform/Developer/SDKs/MacOSX14.2.sdk /var/folders/x5/smn11rt108jfspkvy3k6yl880000gn/C/com.apple.DeveloperTools/15.2-15C500b/Xcode/SDKStatCaches.noindex/macosx14.2-23C53-df0db8920d7ae99241a1bc0f08d2dced.sdkstatcache
    cd /Users/abhishekshivakumar/gamedev/shadow/Example/SpriteSheet/xbuild/CMakeFiles/CMakeTmp/CMAKE_TRY_COMPILE.xcodeproj
    /Applications/Xcode.app/Contents/Developer/Toolchains/XcodeDefault.xctoolchain/usr/bin/clang-stat-cache /Applications/Xcode.app/Contents/Developer/Platforms/MacOSX.platform/Developer/SDKs/MacOSX14.2.sdk -o /var/folders/x5/smn11rt108jfspkvy3k6yl880000gn/C/com.apple.DeveloperTools/15.2-15C500b/Xcode/SDKStatCaches.noindex/macosx14.2-23C53-df0db8920d7ae99241a1bc0f08d2dced.sdkstatcache

CreateBuildDirectory /Users/abhishekshivakumar/gamedev/shadow/Example/SpriteSheet/xbuild/CMakeFiles/CMakeTmp/Debug
    cd /Users/abhishekshivakumar/gamedev/shadow/Example/SpriteSheet/xbuild/CMakeFiles/CMakeTmp/CMAKE_TRY_COMPILE.xcodeproj
    builtin-create-build-directory /Users/abhishekshivakumar/gamedev/shadow/Example/SpriteSheet/xbuild/CMakeFiles/CMakeTmp/Debug

CreateBuildDirectory /Users/abhishekshivakumar/gamedev/shadow/Example/SpriteSheet/xbuild/CMakeFiles/CMakeTmp/EagerLinkingTBDs/Debug
    cd /Users/abhishekshivakumar/gamedev/shadow/Example/SpriteSheet/xbuild/CMakeFiles/CMakeTmp/CMAKE_TRY_COMPILE.xcodeproj
    builtin-create-build-directory /Users/abhishekshivakumar/gamedev/shadow/Example/SpriteSheet/xbuild/CMakeFiles/CMakeTmp/EagerLinkingTBDs/Debug

WriteAuxiliaryFile /Users/abhishekshivakumar/gamedev/shadow/Example/SpriteSheet/xbuild/CMakeFiles/CMakeTmp/CMAKE_TRY_COMPILE.build/Debug/cmTC_39f19.build/Objects-normal/arm64/cmTC_39f19.LinkFileList (in target 'cmTC_39f19' from project 'CMAKE_TRY_COMPILE')
    cd /Users/abhishekshivakumar/gamedev/shadow/Example/SpriteSheet/xbuild/CMakeFiles/CMakeTmp
    write-file /Users/abhishekshivakumar/gamedev/shadow/Example/SpriteSheet/xbuild/CMakeFiles/CMakeTmp/CMAKE_TRY_COMPILE.build/Debug/cmTC_39f19.build/Objects-normal/arm64/cmTC_39f19.LinkFileList

CompileC /Users/abhishekshivakumar/gamedev/shadow/Example/SpriteSheet/xbuild/CMakeFiles/CMakeTmp/CMAKE_TRY_COMPILE.build/Debug/cmTC_39f19.build/Objects-normal/arm64/src.o /Users/abhishekshivakumar/gamedev/shadow/Example/SpriteSheet/xbuild/CMakeFiles/CMakeTmp/src.c normal arm64 c com.apple.compilers.llvm.clang.1_0.compiler (in target 'cmTC_39f19' from project 'CMAKE_TRY_COMPILE')
    cd /Users/abhishekshivakumar/gamedev/shadow/Example/SpriteSheet/xbuild/CMakeFiles/CMakeTmp
    /Applications/Xcode.app/Contents/Developer/Toolchains/XcodeDefault.xctoolchain/usr/bin/clang -x c -ivfsstatcache /var/folders/x5/smn11rt108jfspkvy3k6yl880000gn/C/com.apple.DeveloperTools/15.2-15C500b/Xcode/SDKStatCaches.noindex/macosx14.2-23C53-df0db8920d7ae99241a1bc0f08d2dced.sdkstatcache -target arm64-apple-macos14.2 -fmessage-length\=0 -fdiagnostics-show-note-include-stack -fmacro-backtrace-limit\=0 -fno-color-diagnostics -Wno-trigraphs -fpascal-strings -O0 -Wno-missing-field-initializers -Wno-missing-prototypes -Wno-return-type -Wno-missing-braces -Wparentheses -Wswitch -Wno-unused-function -Wno-unused-label -Wno-unused-parameter -Wno-unused-variable -Wunused-value -Wno-empty-body -Wno-uninitialized -Wno-unknown-pragmas -Wno-shadow -Wno-four-char-constants -Wno-conversion -Wno-constant-conversion -Wno-int-conversion -Wno-bool-conversion -Wno-enum-conversion -Wno-float-conversion -Wno-non-literal-null-conversion -Wno-objc-literal-conversion -Wshorten-64-to-32 -Wpointer-sign -Wno-newline-eof -Wno-implicit-fallthrough -DCMAKE_INTDIR\=\"Debug\" -DCHECK_CPU_ARCHITECTURE_X64 -isysroot /Applications/Xcode.app/Contents/Developer/Platforms/MacOSX.platform/Developer/SDKs/MacOSX14.2.sdk -fstrict-aliasing -Wdeprecated-declarations -g -Wno-sign-conversion -Wno-infinite-recursion -Wno-comma -Wno-block-capture-autoreleasing -Wno-strict-prototypes -Wno-semicolon-before-method-body -I/Users/abhishekshivakumar/gamedev/shadow/Example/SpriteSheet/xbuild/CMakeFiles/CMakeTmp/Debug/include -I/Users/abhishekshivakumar/gamedev/shadow/Example/SpriteSheet/xbuild/CMakeFiles/CMakeTmp/CMAKE_TRY_COMPILE.build/Debug/cmTC_39f19.build/DerivedSources-normal/arm64 -I/Users/abhishekshivakumar/gamedev/shadow/Example/SpriteSheet/xbuild/CMakeFiles/CMakeTmp/CMAKE_TRY_COMPILE.build/Debug/cmTC_39f19.build/DerivedSources/arm64 -I/Users/abhishekshivakumar/gamedev/shadow/Example/SpriteSheet/xbuild/CMakeFiles/CMakeTmp/CMAKE_TRY_COMPILE.build/Debug/cmTC_39f19.build/DerivedSources -F/Users/abhishekshivakumar/gamedev/shadow/Example/SpriteSheet/xbuild/CMakeFiles/CMakeTmp/Debug -MMD -MT dependencies -MF /Users/abhishekshivakumar/gamedev/shadow/Example/SpriteSheet/xbuild/CMakeFiles/CMakeTmp/CMAKE_TRY_COMPILE.build/Debug/cmTC_39f19.build/Objects-normal/arm64/src.d --serialize-diagnostics /Users/abhishekshivakumar/gamedev/shadow/Example/SpriteSheet/xbuild/CMakeFiles/CMakeTmp/CMAKE_TRY_COMPILE.build/Debug/cmTC_39f19.build/Objects-normal/arm64/src.dia -c /Users/abhishekshivakumar/gamedev/shadow/Example/SpriteSheet/xbuild/CMakeFiles/CMakeTmp/src.c -o /Users/abhishekshivakumar/gamedev/shadow/Example/SpriteSheet/xbuild/CMakeFiles/CMakeTmp/CMAKE_TRY_COMPILE.build/Debug/cmTC_39f19.build/Objects-normal/arm64/src.o
/Users/abhishekshivakumar/gamedev/shadow/Example/SpriteSheet/xbuild/CMakeFiles/CMakeTmp/src.c:6:3: error: use of undeclared identifier 'choke'
  choke
  ^
1 error generated.

** BUILD FAILED **


The following build commands failed:
	CompileC /Users/abhishekshivakumar/gamedev/shadow/Example/SpriteSheet/xbuild/CMakeFiles/CMakeTmp/CMAKE_TRY_COMPILE.build/Debug/cmTC_39f19.build/Objects-normal/arm64/src.o /Users/abhishekshivakumar/gamedev/shadow/Example/SpriteSheet/xbuild/CMakeFiles/CMakeTmp/src.c normal arm64 c com.apple.compilers.llvm.clang.1_0.compiler (in target 'cmTC_39f19' from project 'CMAKE_TRY_COMPILE')
(1 failure)


Source file was:

int main(int argc, char *argv[]) {
#if defined(__amd64__) || defined(__amd64) || defined(__x86_64__) || defined(__x86_64) || defined(_M_X64) || defined(_M_AMD64)
  return 0;
#else
  choke
#endif
}

Performing C SOURCE FILE Test CHECK_CPU_ARCHITECTURE_ARM32 failed with the following output:
Change Dir: /Users/abhishekshivakumar/gamedev/shadow/Example/SpriteSheet/xbuild/CMakeFiles/CMakeTmp

Run Build Command(s):/usr/bin/xcodebuild -project CMAKE_TRY_COMPILE.xcodeproj build -target cmTC_ddd51 -parallelizeTargets -configuration Debug -hideShellScriptEnvironment && Command line invocation:
    /Applications/Xcode.app/Contents/Developer/usr/bin/xcodebuild -project CMAKE_TRY_COMPILE.xcodeproj build -target cmTC_ddd51 -parallelizeTargets -configuration Debug -hideShellScriptEnvironment

User defaults from command line:
    HideShellScriptEnvironment = YES
    IDEPackageSupportUseBuiltinSCM = YES

ComputeTargetDependencyGraph
note: Building targets in dependency order
note: Target dependency graph (1 target)
    Target 'cmTC_ddd51' in project 'CMAKE_TRY_COMPILE' (no dependencies)

GatherProvisioningInputs

CreateBuildDescription
Build description signature: b351282c78c3d071e33435d8b59459b8
Build description path: /Users/abhishekshivakumar/gamedev/shadow/Example/SpriteSheet/xbuild/CMakeFiles/CMakeTmp/build/XCBuildData/b351282c78c3d071e33435d8b59459b8.xcbuilddata

CreateBuildDirectory /Users/abhishekshivakumar/gamedev/shadow/Example/SpriteSheet/xbuild/CMakeFiles/CMakeTmp
    cd /Users/abhishekshivakumar/gamedev/shadow/Example/SpriteSheet/xbuild/CMakeFiles/CMakeTmp/CMAKE_TRY_COMPILE.xcodeproj
    builtin-create-build-directory /Users/abhishekshivakumar/gamedev/shadow/Example/SpriteSheet/xbuild/CMakeFiles/CMakeTmp

ClangStatCache /Applications/Xcode.app/Contents/Developer/Toolchains/XcodeDefault.xctoolchain/usr/bin/clang-stat-cache /Applications/Xcode.app/Contents/Developer/Platforms/MacOSX.platform/Developer/SDKs/MacOSX14.2.sdk /var/folders/x5/smn11rt108jfspkvy3k6yl880000gn/C/com.apple.DeveloperTools/15.2-15C500b/Xcode/SDKStatCaches.noindex/macosx14.2-23C53-df0db8920d7ae99241a1bc0f08d2dced.sdkstatcache
    cd /Users/abhishekshivakumar/gamedev/shadow/Example/SpriteSheet/xbuild/CMakeFiles/CMakeTmp/CMAKE_TRY_COMPILE.xcodeproj
    /Applications/Xcode.app/Contents/Developer/Toolchains/XcodeDefault.xctoolchain/usr/bin/clang-stat-cache /Applications/Xcode.app/Contents/Developer/Platforms/MacOSX.platform/Developer/SDKs/MacOSX14.2.sdk -o /var/folders/x5/smn11rt108jfspkvy3k6yl880000gn/C/com.apple.DeveloperTools/15.2-15C500b/Xcode/SDKStatCaches.noindex/macosx14.2-23C53-df0db8920d7ae99241a1bc0f08d2dced.sdkstatcache

CreateBuildDirectory /Users/abhishekshivakumar/gamedev/shadow/Example/SpriteSheet/xbuild/CMakeFiles/CMakeTmp/Debug
    cd /Users/abhishekshivakumar/gamedev/shadow/Example/SpriteSheet/xbuild/CMakeFiles/CMakeTmp/CMAKE_TRY_COMPILE.xcodeproj
    builtin-create-build-directory /Users/abhishekshivakumar/gamedev/shadow/Example/SpriteSheet/xbuild/CMakeFiles/CMakeTmp/Debug

CreateBuildDirectory /Users/abhishekshivakumar/gamedev/shadow/Example/SpriteSheet/xbuild/CMakeFiles/CMakeTmp/EagerLinkingTBDs/Debug
    cd /Users/abhishekshivakumar/gamedev/shadow/Example/SpriteSheet/xbuild/CMakeFiles/CMakeTmp/CMAKE_TRY_COMPILE.xcodeproj
    builtin-create-build-directory /Users/abhishekshivakumar/gamedev/shadow/Example/SpriteSheet/xbuild/CMakeFiles/CMakeTmp/EagerLinkingTBDs/Debug

WriteAuxiliaryFile /Users/abhishekshivakumar/gamedev/shadow/Example/SpriteSheet/xbuild/CMakeFiles/CMakeTmp/CMAKE_TRY_COMPILE.build/Debug/cmTC_ddd51.build/Objects-normal/arm64/cmTC_ddd51.LinkFileList (in target 'cmTC_ddd51' from project 'CMAKE_TRY_COMPILE')
    cd /Users/abhishekshivakumar/gamedev/shadow/Example/SpriteSheet/xbuild/CMakeFiles/CMakeTmp
    write-file /Users/abhishekshivakumar/gamedev/shadow/Example/SpriteSheet/xbuild/CMakeFiles/CMakeTmp/CMAKE_TRY_COMPILE.build/Debug/cmTC_ddd51.build/Objects-normal/arm64/cmTC_ddd51.LinkFileList

CompileC /Users/abhishekshivakumar/gamedev/shadow/Example/SpriteSheet/xbuild/CMakeFiles/CMakeTmp/CMAKE_TRY_COMPILE.build/Debug/cmTC_ddd51.build/Objects-normal/arm64/src.o /Users/abhishekshivakumar/gamedev/shadow/Example/SpriteSheet/xbuild/CMakeFiles/CMakeTmp/src.c normal arm64 c com.apple.compilers.llvm.clang.1_0.compiler (in target 'cmTC_ddd51' from project 'CMAKE_TRY_COMPILE')
    cd /Users/abhishekshivakumar/gamedev/shadow/Example/SpriteSheet/xbuild/CMakeFiles/CMakeTmp
    /Applications/Xcode.app/Contents/Developer/Toolchains/XcodeDefault.xctoolchain/usr/bin/clang -x c -ivfsstatcache /var/folders/x5/smn11rt108jfspkvy3k6yl880000gn/C/com.apple.DeveloperTools/15.2-15C500b/Xcode/SDKStatCaches.noindex/macosx14.2-23C53-df0db8920d7ae99241a1bc0f08d2dced.sdkstatcache -target arm64-apple-macos14.2 -fmessage-length\=0 -fdiagnostics-show-note-include-stack -fmacro-backtrace-limit\=0 -fno-color-diagnostics -Wno-trigraphs -fpascal-strings -O0 -Wno-missing-field-initializers -Wno-missing-prototypes -Wno-return-type -Wno-missing-braces -Wparentheses -Wswitch -Wno-unused-function -Wno-unused-label -Wno-unused-parameter -Wno-unused-variable -Wunused-value -Wno-empty-body -Wno-uninitialized -Wno-unknown-pragmas -Wno-shadow -Wno-four-char-constants -Wno-conversion -Wno-constant-conversion -Wno-int-conversion -Wno-bool-conversion -Wno-enum-conversion -Wno-float-conversion -Wno-non-literal-null-conversion -Wno-objc-literal-conversion -Wshorten-64-to-32 -Wpointer-sign -Wno-newline-eof -Wno-implicit-fallthrough -DCMAKE_INTDIR\=\"Debug\" -DCHECK_CPU_ARCHITECTURE_ARM32 -isysroot /Applications/Xcode.app/Contents/Developer/Platforms/MacOSX.platform/Developer/SDKs/MacOSX14.2.sdk -fstrict-aliasing -Wdeprecated-declarations -g -Wno-sign-conversion -Wno-infinite-recursion -Wno-comma -Wno-block-capture-autoreleasing -Wno-strict-prototypes -Wno-semicolon-before-method-body -I/Users/abhishekshivakumar/gamedev/shadow/Example/SpriteSheet/xbuild/CMakeFiles/CMakeTmp/Debug/include -I/Users/abhishekshivakumar/gamedev/shadow/Example/SpriteSheet/xbuild/CMakeFiles/CMakeTmp/CMAKE_TRY_COMPILE.build/Debug/cmTC_ddd51.build/DerivedSources-normal/arm64 -I/Users/abhishekshivakumar/gamedev/shadow/Example/SpriteSheet/xbuild/CMakeFiles/CMakeTmp/CMAKE_TRY_COMPILE.build/Debug/cmTC_ddd51.build/DerivedSources/arm64 -I/Users/abhishekshivakumar/gamedev/shadow/Example/SpriteSheet/xbuild/CMakeFiles/CMakeTmp/CMAKE_TRY_COMPILE.build/Debug/cmTC_ddd51.build/DerivedSources -F/Users/abhishekshivakumar/gamedev/shadow/Example/SpriteSheet/xbuild/CMakeFiles/CMakeTmp/Debug -MMD -MT dependencies -MF /Users/abhishekshivakumar/gamedev/shadow/Example/SpriteSheet/xbuild/CMakeFiles/CMakeTmp/CMAKE_TRY_COMPILE.build/Debug/cmTC_ddd51.build/Objects-normal/arm64/src.d --serialize-diagnostics /Users/abhishekshivakumar/gamedev/shadow/Example/SpriteSheet/xbuild/CMakeFiles/CMakeTmp/CMAKE_TRY_COMPILE.build/Debug/cmTC_ddd51.build/Objects-normal/arm64/src.dia -c /Users/abhishekshivakumar/gamedev/shadow/Example/SpriteSheet/xbuild/CMakeFiles/CMakeTmp/src.c -o /Users/abhishekshivakumar/gamedev/shadow/Example/SpriteSheet/xbuild/CMakeFiles/CMakeTmp/CMAKE_TRY_COMPILE.build/Debug/cmTC_ddd51.build/Objects-normal/arm64/src.o
/Users/abhishekshivakumar/gamedev/shadow/Example/SpriteSheet/xbuild/CMakeFiles/CMakeTmp/src.c:6:3: error: use of undeclared identifier 'choke'
  choke
  ^
1 error generated.

** BUILD FAILED **


The following build commands failed:
	CompileC /Users/abhishekshivakumar/gamedev/shadow/Example/SpriteSheet/xbuild/CMakeFiles/CMakeTmp/CMAKE_TRY_COMPILE.build/Debug/cmTC_ddd51.build/Objects-normal/arm64/src.o /Users/abhishekshivakumar/gamedev/shadow/Example/SpriteSheet/xbuild/CMakeFiles/CMakeTmp/src.c normal arm64 c com.apple.compilers.llvm.clang.1_0.compiler (in target 'cmTC_ddd51' from project 'CMAKE_TRY_COMPILE')
(1 failure)


Source file was:

int main(int argc, char *argv[]) {
#if defined(__arm__) || defined(_M_ARM)
  return 0;
#else
  choke
#endif
}

Performing C SOURCE FILE Test CHECK_CPU_ARCHITECTURE_LOONGARCH64 failed with the following output:
Change Dir: /Users/abhishekshivakumar/gamedev/shadow/Example/SpriteSheet/xbuild/CMakeFiles/CMakeTmp

Run Build Command(s):/usr/bin/xcodebuild -project CMAKE_TRY_COMPILE.xcodeproj build -target cmTC_0ab56 -parallelizeTargets -configuration Debug -hideShellScriptEnvironment && Command line invocation:
    /Applications/Xcode.app/Contents/Developer/usr/bin/xcodebuild -project CMAKE_TRY_COMPILE.xcodeproj build -target cmTC_0ab56 -parallelizeTargets -configuration Debug -hideShellScriptEnvironment

User defaults from command line:
    HideShellScriptEnvironment = YES
    IDEPackageSupportUseBuiltinSCM = YES

ComputeTargetDependencyGraph
note: Building targets in dependency order
note: Target dependency graph (1 target)
    Target 'cmTC_0ab56' in project 'CMAKE_TRY_COMPILE' (no dependencies)

GatherProvisioningInputs

CreateBuildDescription
Build description signature: 0318088e674c85760c4716b27ebf230d
Build description path: /Users/abhishekshivakumar/gamedev/shadow/Example/SpriteSheet/xbuild/CMakeFiles/CMakeTmp/build/XCBuildData/0318088e674c85760c4716b27ebf230d.xcbuilddata

CreateBuildDirectory /Users/abhishekshivakumar/gamedev/shadow/Example/SpriteSheet/xbuild/CMakeFiles/CMakeTmp
    cd /Users/abhishekshivakumar/gamedev/shadow/Example/SpriteSheet/xbuild/CMakeFiles/CMakeTmp/CMAKE_TRY_COMPILE.xcodeproj
    builtin-create-build-directory /Users/abhishekshivakumar/gamedev/shadow/Example/SpriteSheet/xbuild/CMakeFiles/CMakeTmp

ClangStatCache /Applications/Xcode.app/Contents/Developer/Toolchains/XcodeDefault.xctoolchain/usr/bin/clang-stat-cache /Applications/Xcode.app/Contents/Developer/Platforms/MacOSX.platform/Developer/SDKs/MacOSX14.2.sdk /var/folders/x5/smn11rt108jfspkvy3k6yl880000gn/C/com.apple.DeveloperTools/15.2-15C500b/Xcode/SDKStatCaches.noindex/macosx14.2-23C53-df0db8920d7ae99241a1bc0f08d2dced.sdkstatcache
    cd /Users/abhishekshivakumar/gamedev/shadow/Example/SpriteSheet/xbuild/CMakeFiles/CMakeTmp/CMAKE_TRY_COMPILE.xcodeproj
    /Applications/Xcode.app/Contents/Developer/Toolchains/XcodeDefault.xctoolchain/usr/bin/clang-stat-cache /Applications/Xcode.app/Contents/Developer/Platforms/MacOSX.platform/Developer/SDKs/MacOSX14.2.sdk -o /var/folders/x5/smn11rt108jfspkvy3k6yl880000gn/C/com.apple.DeveloperTools/15.2-15C500b/Xcode/SDKStatCaches.noindex/macosx14.2-23C53-df0db8920d7ae99241a1bc0f08d2dced.sdkstatcache

CreateBuildDirectory /Users/abhishekshivakumar/gamedev/shadow/Example/SpriteSheet/xbuild/CMakeFiles/CMakeTmp/Debug
    cd /Users/abhishekshivakumar/gamedev/shadow/Example/SpriteSheet/xbuild/CMakeFiles/CMakeTmp/CMAKE_TRY_COMPILE.xcodeproj
    builtin-create-build-directory /Users/abhishekshivakumar/gamedev/shadow/Example/SpriteSheet/xbuild/CMakeFiles/CMakeTmp/Debug

CreateBuildDirectory /Users/abhishekshivakumar/gamedev/shadow/Example/SpriteSheet/xbuild/CMakeFiles/CMakeTmp/EagerLinkingTBDs/Debug
    cd /Users/abhishekshivakumar/gamedev/shadow/Example/SpriteSheet/xbuild/CMakeFiles/CMakeTmp/CMAKE_TRY_COMPILE.xcodeproj
    builtin-create-build-directory /Users/abhishekshivakumar/gamedev/shadow/Example/SpriteSheet/xbuild/CMakeFiles/CMakeTmp/EagerLinkingTBDs/Debug

WriteAuxiliaryFile /Users/abhishekshivakumar/gamedev/shadow/Example/SpriteSheet/xbuild/CMakeFiles/CMakeTmp/CMAKE_TRY_COMPILE.build/Debug/cmTC_0ab56.build/Objects-normal/arm64/cmTC_0ab56.LinkFileList (in target 'cmTC_0ab56' from project 'CMAKE_TRY_COMPILE')
    cd /Users/abhishekshivakumar/gamedev/shadow/Example/SpriteSheet/xbuild/CMakeFiles/CMakeTmp
    write-file /Users/abhishekshivakumar/gamedev/shadow/Example/SpriteSheet/xbuild/CMakeFiles/CMakeTmp/CMAKE_TRY_COMPILE.build/Debug/cmTC_0ab56.build/Objects-normal/arm64/cmTC_0ab56.LinkFileList

CompileC /Users/abhishekshivakumar/gamedev/shadow/Example/SpriteSheet/xbuild/CMakeFiles/CMakeTmp/CMAKE_TRY_COMPILE.build/Debug/cmTC_0ab56.build/Objects-normal/arm64/src.o /Users/abhishekshivakumar/gamedev/shadow/Example/SpriteSheet/xbuild/CMakeFiles/CMakeTmp/src.c normal arm64 c com.apple.compilers.llvm.clang.1_0.compiler (in target 'cmTC_0ab56' from project 'CMAKE_TRY_COMPILE')
    cd /Users/abhishekshivakumar/gamedev/shadow/Example/SpriteSheet/xbuild/CMakeFiles/CMakeTmp
    /Applications/Xcode.app/Contents/Developer/Toolchains/XcodeDefault.xctoolchain/usr/bin/clang -x c -ivfsstatcache /var/folders/x5/smn11rt108jfspkvy3k6yl880000gn/C/com.apple.DeveloperTools/15.2-15C500b/Xcode/SDKStatCaches.noindex/macosx14.2-23C53-df0db8920d7ae99241a1bc0f08d2dced.sdkstatcache -target arm64-apple-macos14.2 -fmessage-length\=0 -fdiagnostics-show-note-include-stack -fmacro-backtrace-limit\=0 -fno-color-diagnostics -Wno-trigraphs -fpascal-strings -O0 -Wno-missing-field-initializers -Wno-missing-prototypes -Wno-return-type -Wno-missing-braces -Wparentheses -Wswitch -Wno-unused-function -Wno-unused-label -Wno-unused-parameter -Wno-unused-variable -Wunused-value -Wno-empty-body -Wno-uninitialized -Wno-unknown-pragmas -Wno-shadow -Wno-four-char-constants -Wno-conversion -Wno-constant-conversion -Wno-int-conversion -Wno-bool-conversion -Wno-enum-conversion -Wno-float-conversion -Wno-non-literal-null-conversion -Wno-objc-literal-conversion -Wshorten-64-to-32 -Wpointer-sign -Wno-newline-eof -Wno-implicit-fallthrough -DCMAKE_INTDIR\=\"Debug\" -DCHECK_CPU_ARCHITECTURE_LOONGARCH64 -isysroot /Applications/Xcode.app/Contents/Developer/Platforms/MacOSX.platform/Developer/SDKs/MacOSX14.2.sdk -fstrict-aliasing -Wdeprecated-declarations -g -Wno-sign-conversion -Wno-infinite-recursion -Wno-comma -Wno-block-capture-autoreleasing -Wno-strict-prototypes -Wno-semicolon-before-method-body -I/Users/abhishekshivakumar/gamedev/shadow/Example/SpriteSheet/xbuild/CMakeFiles/CMakeTmp/Debug/include -I/Users/abhishekshivakumar/gamedev/shadow/Example/SpriteSheet/xbuild/CMakeFiles/CMakeTmp/CMAKE_TRY_COMPILE.build/Debug/cmTC_0ab56.build/DerivedSources-normal/arm64 -I/Users/abhishekshivakumar/gamedev/shadow/Example/SpriteSheet/xbuild/CMakeFiles/CMakeTmp/CMAKE_TRY_COMPILE.build/Debug/cmTC_0ab56.build/DerivedSources/arm64 -I/Users/abhishekshivakumar/gamedev/shadow/Example/SpriteSheet/xbuild/CMakeFiles/CMakeTmp/CMAKE_TRY_COMPILE.build/Debug/cmTC_0ab56.build/DerivedSources -F/Users/abhishekshivakumar/gamedev/shadow/Example/SpriteSheet/xbuild/CMakeFiles/CMakeTmp/Debug -MMD -MT dependencies -MF /Users/abhishekshivakumar/gamedev/shadow/Example/SpriteSheet/xbuild/CMakeFiles/CMakeTmp/CMAKE_TRY_COMPILE.build/Debug/cmTC_0ab56.build/Objects-normal/arm64/src.d --serialize-diagnostics /Users/abhishekshivakumar/gamedev/shadow/Example/SpriteSheet/xbuild/CMakeFiles/CMakeTmp/CMAKE_TRY_COMPILE.build/Debug/cmTC_0ab56.build/Objects-normal/arm64/src.dia -c /Users/abhishekshivakumar/gamedev/shadow/Example/SpriteSheet/xbuild/CMakeFiles/CMakeTmp/src.c -o /Users/abhishekshivakumar/gamedev/shadow/Example/SpriteSheet/xbuild/CMakeFiles/CMakeTmp/CMAKE_TRY_COMPILE.build/Debug/cmTC_0ab56.build/Objects-normal/arm64/src.o
/Users/abhishekshivakumar/gamedev/shadow/Example/SpriteSheet/xbuild/CMakeFiles/CMakeTmp/src.c:6:3: error: use of undeclared identifier 'choke'
  choke
  ^
1 error generated.

** BUILD FAILED **


The following build commands failed:
	CompileC /Users/abhishekshivakumar/gamedev/shadow/Example/SpriteSheet/xbuild/CMakeFiles/CMakeTmp/CMAKE_TRY_COMPILE.build/Debug/cmTC_0ab56.build/Objects-normal/arm64/src.o /Users/abhishekshivakumar/gamedev/shadow/Example/SpriteSheet/xbuild/CMakeFiles/CMakeTmp/src.c normal arm64 c com.apple.compilers.llvm.clang.1_0.compiler (in target 'cmTC_0ab56' from project 'CMAKE_TRY_COMPILE')
(1 failure)


Source file was:

int main(int argc, char *argv[]) {
#if defined(__loongarch64)
  return 0;
#else
  choke
#endif
}

Determining if the include file immintrin.h exists failed with the following output:
Change Dir: /Users/abhishekshivakumar/gamedev/shadow/Example/SpriteSheet/xbuild/CMakeFiles/CMakeTmp

Run Build Command(s):/usr/bin/xcodebuild -project CMAKE_TRY_COMPILE.xcodeproj build -target cmTC_687e3 -parallelizeTargets -configuration Debug -hideShellScriptEnvironment && Command line invocation:
    /Applications/Xcode.app/Contents/Developer/usr/bin/xcodebuild -project CMAKE_TRY_COMPILE.xcodeproj build -target cmTC_687e3 -parallelizeTargets -configuration Debug -hideShellScriptEnvironment

User defaults from command line:
    HideShellScriptEnvironment = YES
    IDEPackageSupportUseBuiltinSCM = YES

ComputeTargetDependencyGraph
note: Building targets in dependency order
note: Target dependency graph (1 target)
    Target 'cmTC_687e3' in project 'CMAKE_TRY_COMPILE' (no dependencies)

GatherProvisioningInputs

CreateBuildDescription
Build description signature: 983e68fa8e6de85b3f00e9c0a3e88a94
Build description path: /Users/abhishekshivakumar/gamedev/shadow/Example/SpriteSheet/xbuild/CMakeFiles/CMakeTmp/build/XCBuildData/983e68fa8e6de85b3f00e9c0a3e88a94.xcbuilddata

CreateBuildDirectory /Users/abhishekshivakumar/gamedev/shadow/Example/SpriteSheet/xbuild/CMakeFiles/CMakeTmp
    cd /Users/abhishekshivakumar/gamedev/shadow/Example/SpriteSheet/xbuild/CMakeFiles/CMakeTmp/CMAKE_TRY_COMPILE.xcodeproj
    builtin-create-build-directory /Users/abhishekshivakumar/gamedev/shadow/Example/SpriteSheet/xbuild/CMakeFiles/CMakeTmp

ClangStatCache /Applications/Xcode.app/Contents/Developer/Toolchains/XcodeDefault.xctoolchain/usr/bin/clang-stat-cache /Applications/Xcode.app/Contents/Developer/Platforms/MacOSX.platform/Developer/SDKs/MacOSX14.2.sdk /var/folders/x5/smn11rt108jfspkvy3k6yl880000gn/C/com.apple.DeveloperTools/15.2-15C500b/Xcode/SDKStatCaches.noindex/macosx14.2-23C53-df0db8920d7ae99241a1bc0f08d2dced.sdkstatcache
    cd /Users/abhishekshivakumar/gamedev/shadow/Example/SpriteSheet/xbuild/CMakeFiles/CMakeTmp/CMAKE_TRY_COMPILE.xcodeproj
    /Applications/Xcode.app/Contents/Developer/Toolchains/XcodeDefault.xctoolchain/usr/bin/clang-stat-cache /Applications/Xcode.app/Contents/Developer/Platforms/MacOSX.platform/Developer/SDKs/MacOSX14.2.sdk -o /var/folders/x5/smn11rt108jfspkvy3k6yl880000gn/C/com.apple.DeveloperTools/15.2-15C500b/Xcode/SDKStatCaches.noindex/macosx14.2-23C53-df0db8920d7ae99241a1bc0f08d2dced.sdkstatcache

CreateBuildDirectory /Users/abhishekshivakumar/gamedev/shadow/Example/SpriteSheet/xbuild/CMakeFiles/CMakeTmp/Debug
    cd /Users/abhishekshivakumar/gamedev/shadow/Example/SpriteSheet/xbuild/CMakeFiles/CMakeTmp/CMAKE_TRY_COMPILE.xcodeproj
    builtin-create-build-directory /Users/abhishekshivakumar/gamedev/shadow/Example/SpriteSheet/xbuild/CMakeFiles/CMakeTmp/Debug

CreateBuildDirectory /Users/abhishekshivakumar/gamedev/shadow/Example/SpriteSheet/xbuild/CMakeFiles/CMakeTmp/EagerLinkingTBDs/Debug
    cd /Users/abhishekshivakumar/gamedev/shadow/Example/SpriteSheet/xbuild/CMakeFiles/CMakeTmp/CMAKE_TRY_COMPILE.xcodeproj
    builtin-create-build-directory /Users/abhishekshivakumar/gamedev/shadow/Example/SpriteSheet/xbuild/CMakeFiles/CMakeTmp/EagerLinkingTBDs/Debug

WriteAuxiliaryFile /Users/abhishekshivakumar/gamedev/shadow/Example/SpriteSheet/xbuild/CMakeFiles/CMakeTmp/CMAKE_TRY_COMPILE.build/Debug/cmTC_687e3.build/Objects-normal/arm64/cmTC_687e3.LinkFileList (in target 'cmTC_687e3' from project 'CMAKE_TRY_COMPILE')
    cd /Users/abhishekshivakumar/gamedev/shadow/Example/SpriteSheet/xbuild/CMakeFiles/CMakeTmp
    write-file /Users/abhishekshivakumar/gamedev/shadow/Example/SpriteSheet/xbuild/CMakeFiles/CMakeTmp/CMAKE_TRY_COMPILE.build/Debug/cmTC_687e3.build/Objects-normal/arm64/cmTC_687e3.LinkFileList

CompileC /Users/abhishekshivakumar/gamedev/shadow/Example/SpriteSheet/xbuild/CMakeFiles/CMakeTmp/CMAKE_TRY_COMPILE.build/Debug/cmTC_687e3.build/Objects-normal/arm64/CheckIncludeFile.o /Users/abhishekshivakumar/gamedev/shadow/Example/SpriteSheet/xbuild/CMakeFiles/CMakeTmp/CheckIncludeFile.c normal arm64 c com.apple.compilers.llvm.clang.1_0.compiler (in target 'cmTC_687e3' from project 'CMAKE_TRY_COMPILE')
    cd /Users/abhishekshivakumar/gamedev/shadow/Example/SpriteSheet/xbuild/CMakeFiles/CMakeTmp
    /Applications/Xcode.app/Contents/Developer/Toolchains/XcodeDefault.xctoolchain/usr/bin/clang -x c -ivfsstatcache /var/folders/x5/smn11rt108jfspkvy3k6yl880000gn/C/com.apple.DeveloperTools/15.2-15C500b/Xcode/SDKStatCaches.noindex/macosx14.2-23C53-df0db8920d7ae99241a1bc0f08d2dced.sdkstatcache -target arm64-apple-macos14.2 -fmessage-length\=0 -fdiagnostics-show-note-include-stack -fmacro-backtrace-limit\=0 -fno-color-diagnostics -Wno-trigraphs -fpascal-strings -O0 -Wno-missing-field-initializers -Wno-missing-prototypes -Wno-return-type -Wno-missing-braces -Wparentheses -Wswitch -Wno-unused-function -Wno-unused-label -Wno-unused-parameter -Wno-unused-variable -Wunused-value -Wno-empty-body -Wno-uninitialized -Wno-unknown-pragmas -Wno-shadow -Wno-four-char-constants -Wno-conversion -Wno-constant-conversion -Wno-int-conversion -Wno-bool-conversion -Wno-enum-conversion -Wno-float-conversion -Wno-non-literal-null-conversion -Wno-objc-literal-conversion -Wshorten-64-to-32 -Wpointer-sign -Wno-newline-eof -Wno-implicit-fallthrough -DCMAKE_INTDIR\=\"Debug\" -isysroot /Applications/Xcode.app/Contents/Developer/Platforms/MacOSX.platform/Developer/SDKs/MacOSX14.2.sdk -fstrict-aliasing -Wdeprecated-declarations -g -Wno-sign-conversion -Wno-infinite-recursion -Wno-comma -Wno-block-capture-autoreleasing -Wno-strict-prototypes -Wno-semicolon-before-method-body -I/Users/abhishekshivakumar/gamedev/shadow/Example/SpriteSheet/xbuild/CMakeFiles/CMakeTmp/Debug/include -I/Users/abhishekshivakumar/gamedev/shadow/Example/SpriteSheet/xbuild/CMakeFiles/CMakeTmp/CMAKE_TRY_COMPILE.build/Debug/cmTC_687e3.build/DerivedSources-normal/arm64 -I/Users/abhishekshivakumar/gamedev/shadow/Example/SpriteSheet/xbuild/CMakeFiles/CMakeTmp/CMAKE_TRY_COMPILE.build/Debug/cmTC_687e3.build/DerivedSources/arm64 -I/Users/abhishekshivakumar/gamedev/shadow/Example/SpriteSheet/xbuild/CMakeFiles/CMakeTmp/CMAKE_TRY_COMPILE.build/Debug/cmTC_687e3.build/DerivedSources -F/Users/abhishekshivakumar/gamedev/shadow/Example/SpriteSheet/xbuild/CMakeFiles/CMakeTmp/Debug -idirafter /Users/abhishekshivakumar/gamedev/shadow/Engine/dependencies/SDL/src/video/khronos -D_GNU_SOURCE\=1 -MMD -MT dependencies -MF /Users/abhishekshivakumar/gamedev/shadow/Example/SpriteSheet/xbuild/CMakeFiles/CMakeTmp/CMAKE_TRY_COMPILE.build/Debug/cmTC_687e3.build/Objects-normal/arm64/CheckIncludeFile.d --serialize-diagnostics /Users/abhishekshivakumar/gamedev/shadow/Example/SpriteSheet/xbuild/CMakeFiles/CMakeTmp/CMAKE_TRY_COMPILE.build/Debug/cmTC_687e3.build/Objects-normal/arm64/CheckIncludeFile.dia -c /Users/abhishekshivakumar/gamedev/shadow/Example/SpriteSheet/xbuild/CMakeFiles/CMakeTmp/CheckIncludeFile.c -o /Users/abhishekshivakumar/gamedev/shadow/Example/SpriteSheet/xbuild/CMakeFiles/CMakeTmp/CMAKE_TRY_COMPILE.build/Debug/cmTC_687e3.build/Objects-normal/arm64/CheckIncludeFile.o
In file included from /Users/abhishekshivakumar/gamedev/shadow/Example/SpriteSheet/xbuild/CMakeFiles/CMakeTmp/CheckIncludeFile.c:1:
/Applications/Xcode.app/Contents/Developer/Toolchains/XcodeDefault.xctoolchain/usr/lib/clang/15.0.0/include/immintrin.h:14:2: error: "This header is only meant to be used on x86 and x64 architecture"
#error "This header is only meant to be used on x86 and x64 architecture"
 ^
In file included from /Users/abhishekshivakumar/gamedev/shadow/Example/SpriteSheet/xbuild/CMakeFiles/CMakeTmp/CheckIncludeFile.c:1:
In file included from /Applications/Xcode.app/Contents/Developer/Toolchains/XcodeDefault.xctoolchain/usr/lib/clang/15.0.0/include/immintrin.h:17:
In file included from /Applications/Xcode.app/Contents/Developer/Toolchains/XcodeDefault.xctoolchain/usr/lib/clang/15.0.0/include/x86gprintrin.h:15:
/Applications/Xcode.app/Contents/Developer/Toolchains/XcodeDefault.xctoolchain/usr/lib/clang/15.0.0/include/hresetintrin.h:42:27: error: invalid input constraint 'a' in asm
  __asm__ ("hreset $0" :: "a"(__eax));
                          ^
In file included from /Users/abhishekshivakumar/gamedev/shadow/Example/SpriteSheet/xbuild/CMakeFiles/CMakeTmp/CheckIncludeFile.c:1:
In file included from /Applications/Xcode.app/Contents/Developer/Toolchains/XcodeDefault.xctoolchain/usr/lib/clang/15.0.0/include/immintrin.h:21:
/Applications/Xcode.app/Contents/Developer/Toolchains/XcodeDefault.xctoolchain/usr/lib/clang/15.0.0/include/mmintrin.h:14:2: error: "This header is only meant to be used on x86 and x64 architecture"
#error "This header is only meant to be used on x86 and x64 architecture"
 ^
/Applications/Xcode.app/Contents/Developer/Toolchains/XcodeDefault.xctoolchain/usr/lib/clang/15.0.0/include/mmintrin.h:54:12: error: invalid conversion between vector type '__m64' (vector of 1 'long long' value) and integer type 'int' of different size
    return (__m64)__builtin_ia32_vec_init_v2si(__i, 0);
           ^~~~~~~~~~~~~~~~~~~~~~~~~~~~~~~~~~~~~~~~~~~
/Applications/Xcode.app/Contents/Developer/Toolchains/XcodeDefault.xctoolchain/usr/lib/clang/15.0.0/include/mmintrin.h:133:12: error: invalid conversion between vector type '__m64' (vector of 1 'long long' value) and integer type 'int' of different size
    return (__m64)__builtin_ia32_packsswb((__v4hi)__m1, (__v4hi)__m2);
           ^~~~~~~~~~~~~~~~~~~~~~~~~~~~~~~~~~~~~~~~~~~~~~~~~~~~~~~~~~
/Applications/Xcode.app/Contents/Developer/Toolchains/XcodeDefault.xctoolchain/usr/lib/clang/15.0.0/include/mmintrin.h:163:12: error: invalid conversion between vector type '__m64' (vector of 1 'long long' value) and integer type 'int' of different size
    return (__m64)__builtin_ia32_packssdw((__v2si)__m1, (__v2si)__m2);
           ^~~~~~~~~~~~~~~~~~~~~~~~~~~~~~~~~~~~~~~~~~~~~~~~~~~~~~~~~~
/Applications/Xcode.app/Contents/Developer/Toolchains/XcodeDefault.xctoolchain/usr/lib/clang/15.0.0/include/mmintrin.h:193:12: error: invalid conversion between vector type '__m64' (vector of 1 'long long' value) and integer type 'int' of different size
    return (__m64)__builtin_ia32_packuswb((__v4hi)__m1, (__v4hi)__m2);
           ^~~~~~~~~~~~~~~~~~~~~~~~~~~~~~~~~~~~~~~~~~~~~~~~~~~~~~~~~~
/Applications/Xcode.app/Contents/Developer/Toolchains/XcodeDefault.xctoolchain/usr/lib/clang/15.0.0/include/mmintrin.h:220:12: error: invalid conversion between vector type '__m64' (vector of 1 'long long' value) and integer type 'int' of different size
    return (__m64)__builtin_ia32_punpckhbw((__v8qi)__m1, (__v8qi)__m2);
           ^~~~~~~~~~~~~~~~~~~~~~~~~~~~~~~~~~~~~~~~~~~~~~~~~~~~~~~~~~~
/Applications/Xcode.app/Contents/Developer/Toolchains/XcodeDefault.xctoolchain/usr/lib/clang/15.0.0/include/mmintrin.h:243:12: error: invalid conversion between vector type '__m64' (vector of 1 'long long' value) and integer type 'int' of different size
    return (__m64)__builtin_ia32_punpckhwd((__v4hi)__m1, (__v4hi)__m2);
           ^~~~~~~~~~~~~~~~~~~~~~~~~~~~~~~~~~~~~~~~~~~~~~~~~~~~~~~~~~~
/Applications/Xcode.app/Contents/Developer/Toolchains/XcodeDefault.xctoolchain/usr/lib/clang/15.0.0/include/mmintrin.h:264:12: error: invalid conversion between vector type '__m64' (vector of 1 'long long' value) and integer type 'int' of different size
    return (__m64)__builtin_ia32_punpckhdq((__v2si)__m1, (__v2si)__m2);
           ^~~~~~~~~~~~~~~~~~~~~~~~~~~~~~~~~~~~~~~~~~~~~~~~~~~~~~~~~~~
/Applications/Xcode.app/Contents/Developer/Toolchains/XcodeDefault.xctoolchain/usr/lib/clang/15.0.0/include/mmintrin.h:291:12: error: invalid conversion between vector type '__m64' (vector of 1 'long long' value) and integer type 'int' of different size
    return (__m64)__builtin_ia32_punpcklbw((__v8qi)__m1, (__v8qi)__m2);
           ^~~~~~~~~~~~~~~~~~~~~~~~~~~~~~~~~~~~~~~~~~~~~~~~~~~~~~~~~~~
/Applications/Xcode.app/Contents/Developer/Toolchains/XcodeDefault.xctoolchain/usr/lib/clang/15.0.0/include/mmintrin.h:314:12: error: invalid conversion between vector type '__m64' (vector of 1 'long long' value) and integer type 'int' of different size
    return (__m64)__builtin_ia32_punpcklwd((__v4hi)__m1, (__v4hi)__m2);
           ^~~~~~~~~~~~~~~~~~~~~~~~~~~~~~~~~~~~~~~~~~~~~~~~~~~~~~~~~~~
/Applications/Xcode.app/Contents/Developer/Toolchains/XcodeDefault.xctoolchain/usr/lib/clang/15.0.0/include/mmintrin.h:335:12: error: invalid conversion between vector type '__m64' (vector of 1 'long long' value) and integer type 'int' of different size
    return (__m64)__builtin_ia32_punpckldq((__v2si)__m1, (__v2si)__m2);
           ^~~~~~~~~~~~~~~~~~~~~~~~~~~~~~~~~~~~~~~~~~~~~~~~~~~~~~~~~~~
/Applications/Xcode.app/Contents/Developer/Toolchains/XcodeDefault.xctoolchain/usr/lib/clang/15.0.0/include/mmintrin.h:356:12: error: invalid conversion between vector type '__m64' (vector of 1 'long long' value) and integer type 'int' of different size
    return (__m64)__builtin_ia32_paddb((__v8qi)__m1, (__v8qi)__m2);
           ^~~~~~~~~~~~~~~~~~~~~~~~~~~~~~~~~~~~~~~~~~~~~~~~~~~~~~~
/Applications/Xcode.app/Contents/Developer/Toolchains/XcodeDefault.xctoolchain/usr/lib/clang/15.0.0/include/mmintrin.h:377:12: error: invalid conversion between vector type '__m64' (vector of 1 'long long' value) and integer type 'int' of different size
    return (__m64)__builtin_ia32_paddw((__v4hi)__m1, (__v4hi)__m2);
           ^~~~~~~~~~~~~~~~~~~~~~~~~~~~~~~~~~~~~~~~~~~~~~~~~~~~~~~
/Applications/Xcode.app/Contents/Developer/Toolchains/XcodeDefault.xctoolchain/usr/lib/clang/15.0.0/include/mmintrin.h:398:12: error: invalid conversion between vector type '__m64' (vector of 1 'long long' value) and integer type 'int' of different size
    return (__m64)__builtin_ia32_paddd((__v2si)__m1, (__v2si)__m2);
           ^~~~~~~~~~~~~~~~~~~~~~~~~~~~~~~~~~~~~~~~~~~~~~~~~~~~~~~
/Applications/Xcode.app/Contents/Developer/Toolchains/XcodeDefault.xctoolchain/usr/lib/clang/15.0.0/include/mmintrin.h:420:12: error: invalid conversion between vector type '__m64' (vector of 1 'long long' value) and integer type 'int' of different size
    return (__m64)__builtin_ia32_paddsb((__v8qi)__m1, (__v8qi)__m2);
           ^~~~~~~~~~~~~~~~~~~~~~~~~~~~~~~~~~~~~~~~~~~~~~~~~~~~~~~~
/Applications/Xcode.app/Contents/Developer/Toolchains/XcodeDefault.xctoolchain/usr/lib/clang/15.0.0/include/mmintrin.h:443:12: error: invalid conversion between vector type '__m64' (vector of 1 'long long' value) and integer type 'int' of different size
    return (__m64)__builtin_ia32_paddsw((__v4hi)__m1, (__v4hi)__m2);
           ^~~~~~~~~~~~~~~~~~~~~~~~~~~~~~~~~~~~~~~~~~~~~~~~~~~~~~~~
/Applications/Xcode.app/Contents/Developer/Toolchains/XcodeDefault.xctoolchain/usr/lib/clang/15.0.0/include/mmintrin.h:465:12: error: invalid conversion between vector type '__m64' (vector of 1 'long long' value) and integer type 'int' of different size
    return (__m64)__builtin_ia32_paddusb((__v8qi)__m1, (__v8qi)__m2);
           ^~~~~~~~~~~~~~~~~~~~~~~~~~~~~~~~~~~~~~~~~~~~~~~~~~~~~~~~~
fatal error: too many errors emitted, stopping now [-ferror-limit=]
20 errors generated.

** BUILD FAILED **


The following build commands failed:
	CompileC /Users/abhishekshivakumar/gamedev/shadow/Example/SpriteSheet/xbuild/CMakeFiles/CMakeTmp/CMAKE_TRY_COMPILE.build/Debug/cmTC_687e3.build/Objects-normal/arm64/CheckIncludeFile.o /Users/abhishekshivakumar/gamedev/shadow/Example/SpriteSheet/xbuild/CMakeFiles/CMakeTmp/CheckIncludeFile.c normal arm64 c com.apple.compilers.llvm.clang.1_0.compiler (in target 'cmTC_687e3' from project 'CMAKE_TRY_COMPILE')
(1 failure)



Performing C SOURCE FILE Test HAVE_ALTIVEC_H_HDR failed with the following output:
Change Dir: /Users/abhishekshivakumar/gamedev/shadow/Example/SpriteSheet/xbuild/CMakeFiles/CMakeTmp

Run Build Command(s):/usr/bin/xcodebuild -project CMAKE_TRY_COMPILE.xcodeproj build -target cmTC_44a14 -parallelizeTargets -configuration Debug -hideShellScriptEnvironment && Command line invocation:
    /Applications/Xcode.app/Contents/Developer/usr/bin/xcodebuild -project CMAKE_TRY_COMPILE.xcodeproj build -target cmTC_44a14 -parallelizeTargets -configuration Debug -hideShellScriptEnvironment

User defaults from command line:
    HideShellScriptEnvironment = YES
    IDEPackageSupportUseBuiltinSCM = YES

ComputeTargetDependencyGraph
note: Building targets in dependency order
note: Target dependency graph (1 target)
    Target 'cmTC_44a14' in project 'CMAKE_TRY_COMPILE' (no dependencies)

GatherProvisioningInputs

CreateBuildDescription
Build description signature: f269e2d3e868668b055d882c9cc88ecf
Build description path: /Users/abhishekshivakumar/gamedev/shadow/Example/SpriteSheet/xbuild/CMakeFiles/CMakeTmp/build/XCBuildData/f269e2d3e868668b055d882c9cc88ecf.xcbuilddata

CreateBuildDirectory /Users/abhishekshivakumar/gamedev/shadow/Example/SpriteSheet/xbuild/CMakeFiles/CMakeTmp
    cd /Users/abhishekshivakumar/gamedev/shadow/Example/SpriteSheet/xbuild/CMakeFiles/CMakeTmp/CMAKE_TRY_COMPILE.xcodeproj
    builtin-create-build-directory /Users/abhishekshivakumar/gamedev/shadow/Example/SpriteSheet/xbuild/CMakeFiles/CMakeTmp

ClangStatCache /Applications/Xcode.app/Contents/Developer/Toolchains/XcodeDefault.xctoolchain/usr/bin/clang-stat-cache /Applications/Xcode.app/Contents/Developer/Platforms/MacOSX.platform/Developer/SDKs/MacOSX14.2.sdk /var/folders/x5/smn11rt108jfspkvy3k6yl880000gn/C/com.apple.DeveloperTools/15.2-15C500b/Xcode/SDKStatCaches.noindex/macosx14.2-23C53-df0db8920d7ae99241a1bc0f08d2dced.sdkstatcache
    cd /Users/abhishekshivakumar/gamedev/shadow/Example/SpriteSheet/xbuild/CMakeFiles/CMakeTmp/CMAKE_TRY_COMPILE.xcodeproj
    /Applications/Xcode.app/Contents/Developer/Toolchains/XcodeDefault.xctoolchain/usr/bin/clang-stat-cache /Applications/Xcode.app/Contents/Developer/Platforms/MacOSX.platform/Developer/SDKs/MacOSX14.2.sdk -o /var/folders/x5/smn11rt108jfspkvy3k6yl880000gn/C/com.apple.DeveloperTools/15.2-15C500b/Xcode/SDKStatCaches.noindex/macosx14.2-23C53-df0db8920d7ae99241a1bc0f08d2dced.sdkstatcache

CreateBuildDirectory /Users/abhishekshivakumar/gamedev/shadow/Example/SpriteSheet/xbuild/CMakeFiles/CMakeTmp/Debug
    cd /Users/abhishekshivakumar/gamedev/shadow/Example/SpriteSheet/xbuild/CMakeFiles/CMakeTmp/CMAKE_TRY_COMPILE.xcodeproj
    builtin-create-build-directory /Users/abhishekshivakumar/gamedev/shadow/Example/SpriteSheet/xbuild/CMakeFiles/CMakeTmp/Debug

CreateBuildDirectory /Users/abhishekshivakumar/gamedev/shadow/Example/SpriteSheet/xbuild/CMakeFiles/CMakeTmp/EagerLinkingTBDs/Debug
    cd /Users/abhishekshivakumar/gamedev/shadow/Example/SpriteSheet/xbuild/CMakeFiles/CMakeTmp/CMAKE_TRY_COMPILE.xcodeproj
    builtin-create-build-directory /Users/abhishekshivakumar/gamedev/shadow/Example/SpriteSheet/xbuild/CMakeFiles/CMakeTmp/EagerLinkingTBDs/Debug

WriteAuxiliaryFile /Users/abhishekshivakumar/gamedev/shadow/Example/SpriteSheet/xbuild/CMakeFiles/CMakeTmp/CMAKE_TRY_COMPILE.build/Debug/cmTC_44a14.build/Objects-normal/arm64/cmTC_44a14.LinkFileList (in target 'cmTC_44a14' from project 'CMAKE_TRY_COMPILE')
    cd /Users/abhishekshivakumar/gamedev/shadow/Example/SpriteSheet/xbuild/CMakeFiles/CMakeTmp
    write-file /Users/abhishekshivakumar/gamedev/shadow/Example/SpriteSheet/xbuild/CMakeFiles/CMakeTmp/CMAKE_TRY_COMPILE.build/Debug/cmTC_44a14.build/Objects-normal/arm64/cmTC_44a14.LinkFileList

CompileC /Users/abhishekshivakumar/gamedev/shadow/Example/SpriteSheet/xbuild/CMakeFiles/CMakeTmp/CMAKE_TRY_COMPILE.build/Debug/cmTC_44a14.build/Objects-normal/arm64/src.o /Users/abhishekshivakumar/gamedev/shadow/Example/SpriteSheet/xbuild/CMakeFiles/CMakeTmp/src.c normal arm64 c com.apple.compilers.llvm.clang.1_0.compiler (in target 'cmTC_44a14' from project 'CMAKE_TRY_COMPILE')
    cd /Users/abhishekshivakumar/gamedev/shadow/Example/SpriteSheet/xbuild/CMakeFiles/CMakeTmp
    /Applications/Xcode.app/Contents/Developer/Toolchains/XcodeDefault.xctoolchain/usr/bin/clang -x c -ivfsstatcache /var/folders/x5/smn11rt108jfspkvy3k6yl880000gn/C/com.apple.DeveloperTools/15.2-15C500b/Xcode/SDKStatCaches.noindex/macosx14.2-23C53-df0db8920d7ae99241a1bc0f08d2dced.sdkstatcache -target arm64-apple-macos14.2 -fmessage-length\=0 -fdiagnostics-show-note-include-stack -fmacro-backtrace-limit\=0 -fno-color-diagnostics -Wno-trigraphs -fpascal-strings -O0 -Wno-missing-field-initializers -Wno-missing-prototypes -Wno-return-type -Wno-missing-braces -Wparentheses -Wswitch -Wno-unused-function -Wno-unused-label -Wno-unused-parameter -Wno-unused-variable -Wunused-value -Wno-empty-body -Wno-uninitialized -Wno-unknown-pragmas -Wno-shadow -Wno-four-char-constants -Wno-conversion -Wno-constant-conversion -Wno-int-conversion -Wno-bool-conversion -Wno-enum-conversion -Wno-float-conversion -Wno-non-literal-null-conversion -Wno-objc-literal-conversion -Wshorten-64-to-32 -Wpointer-sign -Wno-newline-eof -Wno-implicit-fallthrough -DCMAKE_INTDIR\=\"Debug\" -DHAVE_ALTIVEC_H_HDR -isysroot /Applications/Xcode.app/Contents/Developer/Platforms/MacOSX.platform/Developer/SDKs/MacOSX14.2.sdk -fstrict-aliasing -Wdeprecated-declarations -g -Wno-sign-conversion -Wno-infinite-recursion -Wno-comma -Wno-block-capture-autoreleasing -Wno-strict-prototypes -Wno-semicolon-before-method-body -I/Users/abhishekshivakumar/gamedev/shadow/Example/SpriteSheet/xbuild/CMakeFiles/CMakeTmp/Debug/include -I/Users/abhishekshivakumar/gamedev/shadow/Example/SpriteSheet/xbuild/CMakeFiles/CMakeTmp/CMAKE_TRY_COMPILE.build/Debug/cmTC_44a14.build/DerivedSources-normal/arm64 -I/Users/abhishekshivakumar/gamedev/shadow/Example/SpriteSheet/xbuild/CMakeFiles/CMakeTmp/CMAKE_TRY_COMPILE.build/Debug/cmTC_44a14.build/DerivedSources/arm64 -I/Users/abhishekshivakumar/gamedev/shadow/Example/SpriteSheet/xbuild/CMakeFiles/CMakeTmp/CMAKE_TRY_COMPILE.build/Debug/cmTC_44a14.build/DerivedSources -F/Users/abhishekshivakumar/gamedev/shadow/Example/SpriteSheet/xbuild/CMakeFiles/CMakeTmp/Debug -idirafter /Users/abhishekshivakumar/gamedev/shadow/Engine/dependencies/SDL/src/video/khronos -maltivec -MMD -MT dependencies -MF /Users/abhishekshivakumar/gamedev/shadow/Example/SpriteSheet/xbuild/CMakeFiles/CMakeTmp/CMAKE_TRY_COMPILE.build/Debug/cmTC_44a14.build/Objects-normal/arm64/src.d --serialize-diagnostics /Users/abhishekshivakumar/gamedev/shadow/Example/SpriteSheet/xbuild/CMakeFiles/CMakeTmp/CMAKE_TRY_COMPILE.build/Debug/cmTC_44a14.build/Objects-normal/arm64/src.dia -c /Users/abhishekshivakumar/gamedev/shadow/Example/SpriteSheet/xbuild/CMakeFiles/CMakeTmp/src.c -o /Users/abhishekshivakumar/gamedev/shadow/Example/SpriteSheet/xbuild/CMakeFiles/CMakeTmp/CMAKE_TRY_COMPILE.build/Debug/cmTC_44a14.build/Objects-normal/arm64/src.o
clang: warning: argument unused during compilation: '-maltivec' [-Wunused-command-line-argument]
In file included from /Users/abhishekshivakumar/gamedev/shadow/Example/SpriteSheet/xbuild/CMakeFiles/CMakeTmp/src.c:2:
/Applications/Xcode.app/Contents/Developer/Toolchains/XcodeDefault.xctoolchain/usr/lib/clang/15.0.0/include/altivec.h:13:2: error: "AltiVec support not enabled"
#error "AltiVec support not enabled"
 ^
/Applications/Xcode.app/Contents/Developer/Toolchains/XcodeDefault.xctoolchain/usr/lib/clang/15.0.0/include/altivec.h:50:19: error: unknown type name 'vector'
static __inline__ vector signed char __ATTRS_o_ai vec_perm(
                  ^
/Applications/Xcode.app/Contents/Developer/Toolchains/XcodeDefault.xctoolchain/usr/lib/clang/15.0.0/include/altivec.h:51:5: error: unknown type name 'vector'
    vector signed char __a, vector signed char __b, vector unsigned char __c);
    ^
/Applications/Xcode.app/Contents/Developer/Toolchains/XcodeDefault.xctoolchain/usr/lib/clang/15.0.0/include/altivec.h:51:29: error: unknown type name 'vector'
    vector signed char __a, vector signed char __b, vector unsigned char __c);
                            ^
/Applications/Xcode.app/Contents/Developer/Toolchains/XcodeDefault.xctoolchain/usr/lib/clang/15.0.0/include/altivec.h:51:53: error: unknown type name 'vector'
    vector signed char __a, vector signed char __b, vector unsigned char __c);
                                                    ^
/Applications/Xcode.app/Contents/Developer/Toolchains/XcodeDefault.xctoolchain/usr/lib/clang/15.0.0/include/altivec.h:53:19: error: unknown type name 'vector'
static __inline__ vector unsigned char __ATTRS_o_ai
                  ^
/Applications/Xcode.app/Contents/Developer/Toolchains/XcodeDefault.xctoolchain/usr/lib/clang/15.0.0/include/altivec.h:54:10: error: unknown type name 'vector'
vec_perm(vector unsigned char __a, vector unsigned char __b,
         ^
/Applications/Xcode.app/Contents/Developer/Toolchains/XcodeDefault.xctoolchain/usr/lib/clang/15.0.0/include/altivec.h:54:36: error: unknown type name 'vector'
vec_perm(vector unsigned char __a, vector unsigned char __b,
                                   ^
/Applications/Xcode.app/Contents/Developer/Toolchains/XcodeDefault.xctoolchain/usr/lib/clang/15.0.0/include/altivec.h:55:10: error: unknown type name 'vector'
         vector unsigned char __c);
         ^
/Applications/Xcode.app/Contents/Developer/Toolchains/XcodeDefault.xctoolchain/usr/lib/clang/15.0.0/include/altivec.h:57:19: error: unknown type name 'vector'
static __inline__ vector bool char __ATTRS_o_ai
                  ^
/Applications/Xcode.app/Contents/Developer/Toolchains/XcodeDefault.xctoolchain/usr/lib/clang/15.0.0/include/altivec.h:57:8: error: 'inline' can only appear on functions
static __inline__ vector bool char __ATTRS_o_ai
       ^
/Applications/Xcode.app/Contents/Developer/Toolchains/XcodeDefault.xctoolchain/usr/lib/clang/15.0.0/include/altivec.h:57:30: error: expected ';' after top level declarator
static __inline__ vector bool char __ATTRS_o_ai
                             ^
/Applications/Xcode.app/Contents/Developer/Toolchains/XcodeDefault.xctoolchain/usr/lib/clang/15.0.0/include/altivec.h:58:10: error: unknown type name 'vector'
vec_perm(vector bool char __a, vector bool char __b, vector unsigned char __c);
         ^
/Applications/Xcode.app/Contents/Developer/Toolchains/XcodeDefault.xctoolchain/usr/lib/clang/15.0.0/include/altivec.h:58:22: error: expected ')'
vec_perm(vector bool char __a, vector bool char __b, vector unsigned char __c);
                     ^
/Applications/Xcode.app/Contents/Developer/Toolchains/XcodeDefault.xctoolchain/usr/lib/clang/15.0.0/include/altivec.h:58:9: note: to match this '('
vec_perm(vector bool char __a, vector bool char __b, vector unsigned char __c);
        ^
/Applications/Xcode.app/Contents/Developer/Toolchains/XcodeDefault.xctoolchain/usr/lib/clang/15.0.0/include/altivec.h:60:19: error: unknown type name 'vector'
static __inline__ vector short __ATTRS_o_ai vec_perm(vector signed short __a,
                  ^
/Applications/Xcode.app/Contents/Developer/Toolchains/XcodeDefault.xctoolchain/usr/lib/clang/15.0.0/include/altivec.h:60:54: error: unknown type name 'vector'
static __inline__ vector short __ATTRS_o_ai vec_perm(vector signed short __a,
                                                     ^
/Applications/Xcode.app/Contents/Developer/Toolchains/XcodeDefault.xctoolchain/usr/lib/clang/15.0.0/include/altivec.h:61:54: error: unknown type name 'vector'
                                                     vector signed short __b,
                                                     ^
/Applications/Xcode.app/Contents/Developer/Toolchains/XcodeDefault.xctoolchain/usr/lib/clang/15.0.0/include/altivec.h:62:54: error: unknown type name 'vector'
                                                     vector unsigned char __c);
                                                     ^
/Applications/Xcode.app/Contents/Developer/Toolchains/XcodeDefault.xctoolchain/usr/lib/clang/15.0.0/include/altivec.h:64:19: error: unknown type name 'vector'
static __inline__ vector unsigned short __ATTRS_o_ai
                  ^
fatal error: too many errors emitted, stopping now [-ferror-limit=]
20 errors generated.

** BUILD FAILED **


The following build commands failed:
	CompileC /Users/abhishekshivakumar/gamedev/shadow/Example/SpriteSheet/xbuild/CMakeFiles/CMakeTmp/CMAKE_TRY_COMPILE.build/Debug/cmTC_44a14.build/Objects-normal/arm64/src.o /Users/abhishekshivakumar/gamedev/shadow/Example/SpriteSheet/xbuild/CMakeFiles/CMakeTmp/src.c normal arm64 c com.apple.compilers.llvm.clang.1_0.compiler (in target 'cmTC_44a14' from project 'CMAKE_TRY_COMPILE')
(1 failure)


Source file was:

          #include <altivec.h>
          vector unsigned int vzero() {
              return vec_splat_u32(0);
          }
          int main(int argc, char **argv) { return 0; }
Performing C SOURCE FILE Test CPU_SUPPORTS_ALTIVEC failed with the following output:
Change Dir: /Users/abhishekshivakumar/gamedev/shadow/Example/SpriteSheet/xbuild/CMakeFiles/CMakeTmp

Run Build Command(s):/usr/bin/xcodebuild -project CMAKE_TRY_COMPILE.xcodeproj build -target cmTC_805b8 -parallelizeTargets -configuration Debug -hideShellScriptEnvironment && Command line invocation:
    /Applications/Xcode.app/Contents/Developer/usr/bin/xcodebuild -project CMAKE_TRY_COMPILE.xcodeproj build -target cmTC_805b8 -parallelizeTargets -configuration Debug -hideShellScriptEnvironment

User defaults from command line:
    HideShellScriptEnvironment = YES
    IDEPackageSupportUseBuiltinSCM = YES

ComputeTargetDependencyGraph
note: Building targets in dependency order
note: Target dependency graph (1 target)
    Target 'cmTC_805b8' in project 'CMAKE_TRY_COMPILE' (no dependencies)

GatherProvisioningInputs

CreateBuildDescription
Build description signature: ba4849d3c63b0e0b369c15a5aacedbe0
Build description path: /Users/abhishekshivakumar/gamedev/shadow/Example/SpriteSheet/xbuild/CMakeFiles/CMakeTmp/build/XCBuildData/ba4849d3c63b0e0b369c15a5aacedbe0.xcbuilddata

CreateBuildDirectory /Users/abhishekshivakumar/gamedev/shadow/Example/SpriteSheet/xbuild/CMakeFiles/CMakeTmp
    cd /Users/abhishekshivakumar/gamedev/shadow/Example/SpriteSheet/xbuild/CMakeFiles/CMakeTmp/CMAKE_TRY_COMPILE.xcodeproj
    builtin-create-build-directory /Users/abhishekshivakumar/gamedev/shadow/Example/SpriteSheet/xbuild/CMakeFiles/CMakeTmp

ClangStatCache /Applications/Xcode.app/Contents/Developer/Toolchains/XcodeDefault.xctoolchain/usr/bin/clang-stat-cache /Applications/Xcode.app/Contents/Developer/Platforms/MacOSX.platform/Developer/SDKs/MacOSX14.2.sdk /var/folders/x5/smn11rt108jfspkvy3k6yl880000gn/C/com.apple.DeveloperTools/15.2-15C500b/Xcode/SDKStatCaches.noindex/macosx14.2-23C53-df0db8920d7ae99241a1bc0f08d2dced.sdkstatcache
    cd /Users/abhishekshivakumar/gamedev/shadow/Example/SpriteSheet/xbuild/CMakeFiles/CMakeTmp/CMAKE_TRY_COMPILE.xcodeproj
    /Applications/Xcode.app/Contents/Developer/Toolchains/XcodeDefault.xctoolchain/usr/bin/clang-stat-cache /Applications/Xcode.app/Contents/Developer/Platforms/MacOSX.platform/Developer/SDKs/MacOSX14.2.sdk -o /var/folders/x5/smn11rt108jfspkvy3k6yl880000gn/C/com.apple.DeveloperTools/15.2-15C500b/Xcode/SDKStatCaches.noindex/macosx14.2-23C53-df0db8920d7ae99241a1bc0f08d2dced.sdkstatcache

CreateBuildDirectory /Users/abhishekshivakumar/gamedev/shadow/Example/SpriteSheet/xbuild/CMakeFiles/CMakeTmp/Debug
    cd /Users/abhishekshivakumar/gamedev/shadow/Example/SpriteSheet/xbuild/CMakeFiles/CMakeTmp/CMAKE_TRY_COMPILE.xcodeproj
    builtin-create-build-directory /Users/abhishekshivakumar/gamedev/shadow/Example/SpriteSheet/xbuild/CMakeFiles/CMakeTmp/Debug

CreateBuildDirectory /Users/abhishekshivakumar/gamedev/shadow/Example/SpriteSheet/xbuild/CMakeFiles/CMakeTmp/EagerLinkingTBDs/Debug
    cd /Users/abhishekshivakumar/gamedev/shadow/Example/SpriteSheet/xbuild/CMakeFiles/CMakeTmp/CMAKE_TRY_COMPILE.xcodeproj
    builtin-create-build-directory /Users/abhishekshivakumar/gamedev/shadow/Example/SpriteSheet/xbuild/CMakeFiles/CMakeTmp/EagerLinkingTBDs/Debug

WriteAuxiliaryFile /Users/abhishekshivakumar/gamedev/shadow/Example/SpriteSheet/xbuild/CMakeFiles/CMakeTmp/CMAKE_TRY_COMPILE.build/Debug/cmTC_805b8.build/Objects-normal/arm64/cmTC_805b8.LinkFileList (in target 'cmTC_805b8' from project 'CMAKE_TRY_COMPILE')
    cd /Users/abhishekshivakumar/gamedev/shadow/Example/SpriteSheet/xbuild/CMakeFiles/CMakeTmp
    write-file /Users/abhishekshivakumar/gamedev/shadow/Example/SpriteSheet/xbuild/CMakeFiles/CMakeTmp/CMAKE_TRY_COMPILE.build/Debug/cmTC_805b8.build/Objects-normal/arm64/cmTC_805b8.LinkFileList

CompileC /Users/abhishekshivakumar/gamedev/shadow/Example/SpriteSheet/xbuild/CMakeFiles/CMakeTmp/CMAKE_TRY_COMPILE.build/Debug/cmTC_805b8.build/Objects-normal/arm64/src.o /Users/abhishekshivakumar/gamedev/shadow/Example/SpriteSheet/xbuild/CMakeFiles/CMakeTmp/src.c normal arm64 c com.apple.compilers.llvm.clang.1_0.compiler (in target 'cmTC_805b8' from project 'CMAKE_TRY_COMPILE')
    cd /Users/abhishekshivakumar/gamedev/shadow/Example/SpriteSheet/xbuild/CMakeFiles/CMakeTmp
    /Applications/Xcode.app/Contents/Developer/Toolchains/XcodeDefault.xctoolchain/usr/bin/clang -x c -ivfsstatcache /var/folders/x5/smn11rt108jfspkvy3k6yl880000gn/C/com.apple.DeveloperTools/15.2-15C500b/Xcode/SDKStatCaches.noindex/macosx14.2-23C53-df0db8920d7ae99241a1bc0f08d2dced.sdkstatcache -target arm64-apple-macos14.2 -fmessage-length\=0 -fdiagnostics-show-note-include-stack -fmacro-backtrace-limit\=0 -fno-color-diagnostics -Wno-trigraphs -fpascal-strings -O0 -Wno-missing-field-initializers -Wno-missing-prototypes -Wno-return-type -Wno-missing-braces -Wparentheses -Wswitch -Wno-unused-function -Wno-unused-label -Wno-unused-parameter -Wno-unused-variable -Wunused-value -Wno-empty-body -Wno-uninitialized -Wno-unknown-pragmas -Wno-shadow -Wno-four-char-constants -Wno-conversion -Wno-constant-conversion -Wno-int-conversion -Wno-bool-conversion -Wno-enum-conversion -Wno-float-conversion -Wno-non-literal-null-conversion -Wno-objc-literal-conversion -Wshorten-64-to-32 -Wpointer-sign -Wno-newline-eof -Wno-implicit-fallthrough -DCMAKE_INTDIR\=\"Debug\" -DCPU_SUPPORTS_ALTIVEC -isysroot /Applications/Xcode.app/Contents/Developer/Platforms/MacOSX.platform/Developer/SDKs/MacOSX14.2.sdk -fstrict-aliasing -Wdeprecated-declarations -g -Wno-sign-conversion -Wno-infinite-recursion -Wno-comma -Wno-block-capture-autoreleasing -Wno-strict-prototypes -Wno-semicolon-before-method-body -I/Users/abhishekshivakumar/gamedev/shadow/Example/SpriteSheet/xbuild/CMakeFiles/CMakeTmp/Debug/include -I/Users/abhishekshivakumar/gamedev/shadow/Example/SpriteSheet/xbuild/CMakeFiles/CMakeTmp/CMAKE_TRY_COMPILE.build/Debug/cmTC_805b8.build/DerivedSources-normal/arm64 -I/Users/abhishekshivakumar/gamedev/shadow/Example/SpriteSheet/xbuild/CMakeFiles/CMakeTmp/CMAKE_TRY_COMPILE.build/Debug/cmTC_805b8.build/DerivedSources/arm64 -I/Users/abhishekshivakumar/gamedev/shadow/Example/SpriteSheet/xbuild/CMakeFiles/CMakeTmp/CMAKE_TRY_COMPILE.build/Debug/cmTC_805b8.build/DerivedSources -F/Users/abhishekshivakumar/gamedev/shadow/Example/SpriteSheet/xbuild/CMakeFiles/CMakeTmp/Debug -idirafter /Users/abhishekshivakumar/gamedev/shadow/Engine/dependencies/SDL/src/video/khronos -maltivec -MMD -MT dependencies -MF /Users/abhishekshivakumar/gamedev/shadow/Example/SpriteSheet/xbuild/CMakeFiles/CMakeTmp/CMAKE_TRY_COMPILE.build/Debug/cmTC_805b8.build/Objects-normal/arm64/src.d --serialize-diagnostics /Users/abhishekshivakumar/gamedev/shadow/Example/SpriteSheet/xbuild/CMakeFiles/CMakeTmp/CMAKE_TRY_COMPILE.build/Debug/cmTC_805b8.build/Objects-normal/arm64/src.dia -c /Users/abhishekshivakumar/gamedev/shadow/Example/SpriteSheet/xbuild/CMakeFiles/CMakeTmp/src.c -o /Users/abhishekshivakumar/gamedev/shadow/Example/SpriteSheet/xbuild/CMakeFiles/CMakeTmp/CMAKE_TRY_COMPILE.build/Debug/cmTC_805b8.build/Objects-normal/arm64/src.o
clang: warning: argument unused during compilation: '-maltivec' [-Wunused-command-line-argument]
/Users/abhishekshivakumar/gamedev/shadow/Example/SpriteSheet/xbuild/CMakeFiles/CMakeTmp/src.c:2:11: error: unknown type name 'vector'
          vector unsigned int vzero() {
          ^
/Users/abhishekshivakumar/gamedev/shadow/Example/SpriteSheet/xbuild/CMakeFiles/CMakeTmp/src.c:3:22: error: call to undeclared function 'vec_splat_u32'; ISO C99 and later do not support implicit function declarations [-Wimplicit-function-declaration]
              return vec_splat_u32(0);
                     ^
2 errors generated.

** BUILD FAILED **


The following build commands failed:
	CompileC /Users/abhishekshivakumar/gamedev/shadow/Example/SpriteSheet/xbuild/CMakeFiles/CMakeTmp/CMAKE_TRY_COMPILE.build/Debug/cmTC_805b8.build/Objects-normal/arm64/src.o /Users/abhishekshivakumar/gamedev/shadow/Example/SpriteSheet/xbuild/CMakeFiles/CMakeTmp/src.c normal arm64 c com.apple.compilers.llvm.clang.1_0.compiler (in target 'cmTC_805b8' from project 'CMAKE_TRY_COMPILE')
(1 failure)


Source file was:

          vector unsigned int vzero() {
              return vec_splat_u32(0);
          }
          int main(int argc, char **argv) { return 0; }
Determining if the include file malloc.h exists failed with the following output:
Change Dir: /Users/abhishekshivakumar/gamedev/shadow/Example/SpriteSheet/xbuild/CMakeFiles/CMakeTmp

Run Build Command(s):/usr/bin/xcodebuild -project CMAKE_TRY_COMPILE.xcodeproj build -target cmTC_2fee6 -parallelizeTargets -configuration Debug -hideShellScriptEnvironment && Command line invocation:
    /Applications/Xcode.app/Contents/Developer/usr/bin/xcodebuild -project CMAKE_TRY_COMPILE.xcodeproj build -target cmTC_2fee6 -parallelizeTargets -configuration Debug -hideShellScriptEnvironment

User defaults from command line:
    HideShellScriptEnvironment = YES
    IDEPackageSupportUseBuiltinSCM = YES

ComputeTargetDependencyGraph
note: Building targets in dependency order
note: Target dependency graph (1 target)
    Target 'cmTC_2fee6' in project 'CMAKE_TRY_COMPILE' (no dependencies)

GatherProvisioningInputs

CreateBuildDescription
Build description signature: 52c330a1f0b62904146741e53a0b2032
Build description path: /Users/abhishekshivakumar/gamedev/shadow/Example/SpriteSheet/xbuild/CMakeFiles/CMakeTmp/build/XCBuildData/52c330a1f0b62904146741e53a0b2032.xcbuilddata

CreateBuildDirectory /Users/abhishekshivakumar/gamedev/shadow/Example/SpriteSheet/xbuild/CMakeFiles/CMakeTmp
    cd /Users/abhishekshivakumar/gamedev/shadow/Example/SpriteSheet/xbuild/CMakeFiles/CMakeTmp/CMAKE_TRY_COMPILE.xcodeproj
    builtin-create-build-directory /Users/abhishekshivakumar/gamedev/shadow/Example/SpriteSheet/xbuild/CMakeFiles/CMakeTmp

ClangStatCache /Applications/Xcode.app/Contents/Developer/Toolchains/XcodeDefault.xctoolchain/usr/bin/clang-stat-cache /Applications/Xcode.app/Contents/Developer/Platforms/MacOSX.platform/Developer/SDKs/MacOSX14.2.sdk /var/folders/x5/smn11rt108jfspkvy3k6yl880000gn/C/com.apple.DeveloperTools/15.2-15C500b/Xcode/SDKStatCaches.noindex/macosx14.2-23C53-df0db8920d7ae99241a1bc0f08d2dced.sdkstatcache
    cd /Users/abhishekshivakumar/gamedev/shadow/Example/SpriteSheet/xbuild/CMakeFiles/CMakeTmp/CMAKE_TRY_COMPILE.xcodeproj
    /Applications/Xcode.app/Contents/Developer/Toolchains/XcodeDefault.xctoolchain/usr/bin/clang-stat-cache /Applications/Xcode.app/Contents/Developer/Platforms/MacOSX.platform/Developer/SDKs/MacOSX14.2.sdk -o /var/folders/x5/smn11rt108jfspkvy3k6yl880000gn/C/com.apple.DeveloperTools/15.2-15C500b/Xcode/SDKStatCaches.noindex/macosx14.2-23C53-df0db8920d7ae99241a1bc0f08d2dced.sdkstatcache

CreateBuildDirectory /Users/abhishekshivakumar/gamedev/shadow/Example/SpriteSheet/xbuild/CMakeFiles/CMakeTmp/Debug
    cd /Users/abhishekshivakumar/gamedev/shadow/Example/SpriteSheet/xbuild/CMakeFiles/CMakeTmp/CMAKE_TRY_COMPILE.xcodeproj
    builtin-create-build-directory /Users/abhishekshivakumar/gamedev/shadow/Example/SpriteSheet/xbuild/CMakeFiles/CMakeTmp/Debug

CreateBuildDirectory /Users/abhishekshivakumar/gamedev/shadow/Example/SpriteSheet/xbuild/CMakeFiles/CMakeTmp/EagerLinkingTBDs/Debug
    cd /Users/abhishekshivakumar/gamedev/shadow/Example/SpriteSheet/xbuild/CMakeFiles/CMakeTmp/CMAKE_TRY_COMPILE.xcodeproj
    builtin-create-build-directory /Users/abhishekshivakumar/gamedev/shadow/Example/SpriteSheet/xbuild/CMakeFiles/CMakeTmp/EagerLinkingTBDs/Debug

WriteAuxiliaryFile /Users/abhishekshivakumar/gamedev/shadow/Example/SpriteSheet/xbuild/CMakeFiles/CMakeTmp/CMAKE_TRY_COMPILE.build/Debug/cmTC_2fee6.build/Objects-normal/arm64/cmTC_2fee6.LinkFileList (in target 'cmTC_2fee6' from project 'CMAKE_TRY_COMPILE')
    cd /Users/abhishekshivakumar/gamedev/shadow/Example/SpriteSheet/xbuild/CMakeFiles/CMakeTmp
    write-file /Users/abhishekshivakumar/gamedev/shadow/Example/SpriteSheet/xbuild/CMakeFiles/CMakeTmp/CMAKE_TRY_COMPILE.build/Debug/cmTC_2fee6.build/Objects-normal/arm64/cmTC_2fee6.LinkFileList

CompileC /Users/abhishekshivakumar/gamedev/shadow/Example/SpriteSheet/xbuild/CMakeFiles/CMakeTmp/CMAKE_TRY_COMPILE.build/Debug/cmTC_2fee6.build/Objects-normal/arm64/CheckIncludeFile.o /Users/abhishekshivakumar/gamedev/shadow/Example/SpriteSheet/xbuild/CMakeFiles/CMakeTmp/CheckIncludeFile.c normal arm64 c com.apple.compilers.llvm.clang.1_0.compiler (in target 'cmTC_2fee6' from project 'CMAKE_TRY_COMPILE')
    cd /Users/abhishekshivakumar/gamedev/shadow/Example/SpriteSheet/xbuild/CMakeFiles/CMakeTmp
    /Applications/Xcode.app/Contents/Developer/Toolchains/XcodeDefault.xctoolchain/usr/bin/clang -x c -ivfsstatcache /var/folders/x5/smn11rt108jfspkvy3k6yl880000gn/C/com.apple.DeveloperTools/15.2-15C500b/Xcode/SDKStatCaches.noindex/macosx14.2-23C53-df0db8920d7ae99241a1bc0f08d2dced.sdkstatcache -target arm64-apple-macos14.2 -fmessage-length\=0 -fdiagnostics-show-note-include-stack -fmacro-backtrace-limit\=0 -fno-color-diagnostics -Wno-trigraphs -fpascal-strings -O0 -Wno-missing-field-initializers -Wno-missing-prototypes -Wno-return-type -Wno-missing-braces -Wparentheses -Wswitch -Wno-unused-function -Wno-unused-label -Wno-unused-parameter -Wno-unused-variable -Wunused-value -Wno-empty-body -Wno-uninitialized -Wno-unknown-pragmas -Wno-shadow -Wno-four-char-constants -Wno-conversion -Wno-constant-conversion -Wno-int-conversion -Wno-bool-conversion -Wno-enum-conversion -Wno-float-conversion -Wno-non-literal-null-conversion -Wno-objc-literal-conversion -Wshorten-64-to-32 -Wpointer-sign -Wno-newline-eof -Wno-implicit-fallthrough -DCMAKE_INTDIR\=\"Debug\" -isysroot /Applications/Xcode.app/Contents/Developer/Platforms/MacOSX.platform/Developer/SDKs/MacOSX14.2.sdk -fstrict-aliasing -Wdeprecated-declarations -g -Wno-sign-conversion -Wno-infinite-recursion -Wno-comma -Wno-block-capture-autoreleasing -Wno-strict-prototypes -Wno-semicolon-before-method-body -I/Users/abhishekshivakumar/gamedev/shadow/Example/SpriteSheet/xbuild/CMakeFiles/CMakeTmp/Debug/include -I/Users/abhishekshivakumar/gamedev/shadow/Example/SpriteSheet/xbuild/CMakeFiles/CMakeTmp/CMAKE_TRY_COMPILE.build/Debug/cmTC_2fee6.build/DerivedSources-normal/arm64 -I/Users/abhishekshivakumar/gamedev/shadow/Example/SpriteSheet/xbuild/CMakeFiles/CMakeTmp/CMAKE_TRY_COMPILE.build/Debug/cmTC_2fee6.build/DerivedSources/arm64 -I/Users/abhishekshivakumar/gamedev/shadow/Example/SpriteSheet/xbuild/CMakeFiles/CMakeTmp/CMAKE_TRY_COMPILE.build/Debug/cmTC_2fee6.build/DerivedSources -F/Users/abhishekshivakumar/gamedev/shadow/Example/SpriteSheet/xbuild/CMakeFiles/CMakeTmp/Debug -idirafter /Users/abhishekshivakumar/gamedev/shadow/Engine/dependencies/SDL/src/video/khronos -D_GNU_SOURCE\=1 -MMD -MT dependencies -MF /Users/abhishekshivakumar/gamedev/shadow/Example/SpriteSheet/xbuild/CMakeFiles/CMakeTmp/CMAKE_TRY_COMPILE.build/Debug/cmTC_2fee6.build/Objects-normal/arm64/CheckIncludeFile.d --serialize-diagnostics /Users/abhishekshivakumar/gamedev/shadow/Example/SpriteSheet/xbuild/CMakeFiles/CMakeTmp/CMAKE_TRY_COMPILE.build/Debug/cmTC_2fee6.build/Objects-normal/arm64/CheckIncludeFile.dia -c /Users/abhishekshivakumar/gamedev/shadow/Example/SpriteSheet/xbuild/CMakeFiles/CMakeTmp/CheckIncludeFile.c -o /Users/abhishekshivakumar/gamedev/shadow/Example/SpriteSheet/xbuild/CMakeFiles/CMakeTmp/CMAKE_TRY_COMPILE.build/Debug/cmTC_2fee6.build/Objects-normal/arm64/CheckIncludeFile.o
/Users/abhishekshivakumar/gamedev/shadow/Example/SpriteSheet/xbuild/CMakeFiles/CMakeTmp/CheckIncludeFile.c:1:10: fatal error: 'malloc.h' file not found
#include <malloc.h>
         ^~~~~~~~~~
1 error generated.

** BUILD FAILED **


The following build commands failed:
	CompileC /Users/abhishekshivakumar/gamedev/shadow/Example/SpriteSheet/xbuild/CMakeFiles/CMakeTmp/CMAKE_TRY_COMPILE.build/Debug/cmTC_2fee6.build/Objects-normal/arm64/CheckIncludeFile.o /Users/abhishekshivakumar/gamedev/shadow/Example/SpriteSheet/xbuild/CMakeFiles/CMakeTmp/CheckIncludeFile.c normal arm64 c com.apple.compilers.llvm.clang.1_0.compiler (in target 'cmTC_2fee6' from project 'CMAKE_TRY_COMPILE')
(1 failure)



Determining if the include file linux/input.h exists failed with the following output:
Change Dir: /Users/abhishekshivakumar/gamedev/shadow/Example/SpriteSheet/xbuild/CMakeFiles/CMakeTmp

Run Build Command(s):/usr/bin/xcodebuild -project CMAKE_TRY_COMPILE.xcodeproj build -target cmTC_235ed -parallelizeTargets -configuration Debug -hideShellScriptEnvironment && Command line invocation:
    /Applications/Xcode.app/Contents/Developer/usr/bin/xcodebuild -project CMAKE_TRY_COMPILE.xcodeproj build -target cmTC_235ed -parallelizeTargets -configuration Debug -hideShellScriptEnvironment

User defaults from command line:
    HideShellScriptEnvironment = YES
    IDEPackageSupportUseBuiltinSCM = YES

ComputeTargetDependencyGraph
note: Building targets in dependency order
note: Target dependency graph (1 target)
    Target 'cmTC_235ed' in project 'CMAKE_TRY_COMPILE' (no dependencies)

GatherProvisioningInputs

CreateBuildDescription
Build description signature: e5d636436e1270563eb7cba3de220f5f
Build description path: /Users/abhishekshivakumar/gamedev/shadow/Example/SpriteSheet/xbuild/CMakeFiles/CMakeTmp/build/XCBuildData/e5d636436e1270563eb7cba3de220f5f.xcbuilddata

CreateBuildDirectory /Users/abhishekshivakumar/gamedev/shadow/Example/SpriteSheet/xbuild/CMakeFiles/CMakeTmp
    cd /Users/abhishekshivakumar/gamedev/shadow/Example/SpriteSheet/xbuild/CMakeFiles/CMakeTmp/CMAKE_TRY_COMPILE.xcodeproj
    builtin-create-build-directory /Users/abhishekshivakumar/gamedev/shadow/Example/SpriteSheet/xbuild/CMakeFiles/CMakeTmp

ClangStatCache /Applications/Xcode.app/Contents/Developer/Toolchains/XcodeDefault.xctoolchain/usr/bin/clang-stat-cache /Applications/Xcode.app/Contents/Developer/Platforms/MacOSX.platform/Developer/SDKs/MacOSX14.2.sdk /var/folders/x5/smn11rt108jfspkvy3k6yl880000gn/C/com.apple.DeveloperTools/15.2-15C500b/Xcode/SDKStatCaches.noindex/macosx14.2-23C53-df0db8920d7ae99241a1bc0f08d2dced.sdkstatcache
    cd /Users/abhishekshivakumar/gamedev/shadow/Example/SpriteSheet/xbuild/CMakeFiles/CMakeTmp/CMAKE_TRY_COMPILE.xcodeproj
    /Applications/Xcode.app/Contents/Developer/Toolchains/XcodeDefault.xctoolchain/usr/bin/clang-stat-cache /Applications/Xcode.app/Contents/Developer/Platforms/MacOSX.platform/Developer/SDKs/MacOSX14.2.sdk -o /var/folders/x5/smn11rt108jfspkvy3k6yl880000gn/C/com.apple.DeveloperTools/15.2-15C500b/Xcode/SDKStatCaches.noindex/macosx14.2-23C53-df0db8920d7ae99241a1bc0f08d2dced.sdkstatcache

CreateBuildDirectory /Users/abhishekshivakumar/gamedev/shadow/Example/SpriteSheet/xbuild/CMakeFiles/CMakeTmp/Debug
    cd /Users/abhishekshivakumar/gamedev/shadow/Example/SpriteSheet/xbuild/CMakeFiles/CMakeTmp/CMAKE_TRY_COMPILE.xcodeproj
    builtin-create-build-directory /Users/abhishekshivakumar/gamedev/shadow/Example/SpriteSheet/xbuild/CMakeFiles/CMakeTmp/Debug

CreateBuildDirectory /Users/abhishekshivakumar/gamedev/shadow/Example/SpriteSheet/xbuild/CMakeFiles/CMakeTmp/EagerLinkingTBDs/Debug
    cd /Users/abhishekshivakumar/gamedev/shadow/Example/SpriteSheet/xbuild/CMakeFiles/CMakeTmp/CMAKE_TRY_COMPILE.xcodeproj
    builtin-create-build-directory /Users/abhishekshivakumar/gamedev/shadow/Example/SpriteSheet/xbuild/CMakeFiles/CMakeTmp/EagerLinkingTBDs/Debug

WriteAuxiliaryFile /Users/abhishekshivakumar/gamedev/shadow/Example/SpriteSheet/xbuild/CMakeFiles/CMakeTmp/CMAKE_TRY_COMPILE.build/Debug/cmTC_235ed.build/Objects-normal/arm64/cmTC_235ed.LinkFileList (in target 'cmTC_235ed' from project 'CMAKE_TRY_COMPILE')
    cd /Users/abhishekshivakumar/gamedev/shadow/Example/SpriteSheet/xbuild/CMakeFiles/CMakeTmp
    write-file /Users/abhishekshivakumar/gamedev/shadow/Example/SpriteSheet/xbuild/CMakeFiles/CMakeTmp/CMAKE_TRY_COMPILE.build/Debug/cmTC_235ed.build/Objects-normal/arm64/cmTC_235ed.LinkFileList

CompileC /Users/abhishekshivakumar/gamedev/shadow/Example/SpriteSheet/xbuild/CMakeFiles/CMakeTmp/CMAKE_TRY_COMPILE.build/Debug/cmTC_235ed.build/Objects-normal/arm64/CheckIncludeFile.o /Users/abhishekshivakumar/gamedev/shadow/Example/SpriteSheet/xbuild/CMakeFiles/CMakeTmp/CheckIncludeFile.c normal arm64 c com.apple.compilers.llvm.clang.1_0.compiler (in target 'cmTC_235ed' from project 'CMAKE_TRY_COMPILE')
    cd /Users/abhishekshivakumar/gamedev/shadow/Example/SpriteSheet/xbuild/CMakeFiles/CMakeTmp
    /Applications/Xcode.app/Contents/Developer/Toolchains/XcodeDefault.xctoolchain/usr/bin/clang -x c -ivfsstatcache /var/folders/x5/smn11rt108jfspkvy3k6yl880000gn/C/com.apple.DeveloperTools/15.2-15C500b/Xcode/SDKStatCaches.noindex/macosx14.2-23C53-df0db8920d7ae99241a1bc0f08d2dced.sdkstatcache -target arm64-apple-macos14.2 -fmessage-length\=0 -fdiagnostics-show-note-include-stack -fmacro-backtrace-limit\=0 -fno-color-diagnostics -Wno-trigraphs -fpascal-strings -O0 -Wno-missing-field-initializers -Wno-missing-prototypes -Wno-return-type -Wno-missing-braces -Wparentheses -Wswitch -Wno-unused-function -Wno-unused-label -Wno-unused-parameter -Wno-unused-variable -Wunused-value -Wno-empty-body -Wno-uninitialized -Wno-unknown-pragmas -Wno-shadow -Wno-four-char-constants -Wno-conversion -Wno-constant-conversion -Wno-int-conversion -Wno-bool-conversion -Wno-enum-conversion -Wno-float-conversion -Wno-non-literal-null-conversion -Wno-objc-literal-conversion -Wshorten-64-to-32 -Wpointer-sign -Wno-newline-eof -Wno-implicit-fallthrough -DCMAKE_INTDIR\=\"Debug\" -isysroot /Applications/Xcode.app/Contents/Developer/Platforms/MacOSX.platform/Developer/SDKs/MacOSX14.2.sdk -fstrict-aliasing -Wdeprecated-declarations -g -Wno-sign-conversion -Wno-infinite-recursion -Wno-comma -Wno-block-capture-autoreleasing -Wno-strict-prototypes -Wno-semicolon-before-method-body -I/Users/abhishekshivakumar/gamedev/shadow/Example/SpriteSheet/xbuild/CMakeFiles/CMakeTmp/Debug/include -I/Users/abhishekshivakumar/gamedev/shadow/Example/SpriteSheet/xbuild/CMakeFiles/CMakeTmp/CMAKE_TRY_COMPILE.build/Debug/cmTC_235ed.build/DerivedSources-normal/arm64 -I/Users/abhishekshivakumar/gamedev/shadow/Example/SpriteSheet/xbuild/CMakeFiles/CMakeTmp/CMAKE_TRY_COMPILE.build/Debug/cmTC_235ed.build/DerivedSources/arm64 -I/Users/abhishekshivakumar/gamedev/shadow/Example/SpriteSheet/xbuild/CMakeFiles/CMakeTmp/CMAKE_TRY_COMPILE.build/Debug/cmTC_235ed.build/DerivedSources -F/Users/abhishekshivakumar/gamedev/shadow/Example/SpriteSheet/xbuild/CMakeFiles/CMakeTmp/Debug -idirafter /Users/abhishekshivakumar/gamedev/shadow/Engine/dependencies/SDL/src/video/khronos -D_GNU_SOURCE\=1 -MMD -MT dependencies -MF /Users/abhishekshivakumar/gamedev/shadow/Example/SpriteSheet/xbuild/CMakeFiles/CMakeTmp/CMAKE_TRY_COMPILE.build/Debug/cmTC_235ed.build/Objects-normal/arm64/CheckIncludeFile.d --serialize-diagnostics /Users/abhishekshivakumar/gamedev/shadow/Example/SpriteSheet/xbuild/CMakeFiles/CMakeTmp/CMAKE_TRY_COMPILE.build/Debug/cmTC_235ed.build/Objects-normal/arm64/CheckIncludeFile.dia -c /Users/abhishekshivakumar/gamedev/shadow/Example/SpriteSheet/xbuild/CMakeFiles/CMakeTmp/CheckIncludeFile.c -o /Users/abhishekshivakumar/gamedev/shadow/Example/SpriteSheet/xbuild/CMakeFiles/CMakeTmp/CMAKE_TRY_COMPILE.build/Debug/cmTC_235ed.build/Objects-normal/arm64/CheckIncludeFile.o
/Users/abhishekshivakumar/gamedev/shadow/Example/SpriteSheet/xbuild/CMakeFiles/CMakeTmp/CheckIncludeFile.c:1:10: fatal error: 'linux/input.h' file not found
#include <linux/input.h>
         ^~~~~~~~~~~~~~~
1 error generated.

** BUILD FAILED **


The following build commands failed:
	CompileC /Users/abhishekshivakumar/gamedev/shadow/Example/SpriteSheet/xbuild/CMakeFiles/CMakeTmp/CMAKE_TRY_COMPILE.build/Debug/cmTC_235ed.build/Objects-normal/arm64/CheckIncludeFile.o /Users/abhishekshivakumar/gamedev/shadow/Example/SpriteSheet/xbuild/CMakeFiles/CMakeTmp/CheckIncludeFile.c normal arm64 c com.apple.compilers.llvm.clang.1_0.compiler (in target 'cmTC_235ed' from project 'CMAKE_TRY_COMPILE')
(1 failure)



Determining if the _strrev exist failed with the following output:
Change Dir: /Users/abhishekshivakumar/gamedev/shadow/Example/SpriteSheet/xbuild/CMakeFiles/CMakeTmp

Run Build Command(s):/usr/bin/xcodebuild -project CMAKE_TRY_COMPILE.xcodeproj build -target cmTC_e37cb -parallelizeTargets -configuration Debug -hideShellScriptEnvironment && Command line invocation:
    /Applications/Xcode.app/Contents/Developer/usr/bin/xcodebuild -project CMAKE_TRY_COMPILE.xcodeproj build -target cmTC_e37cb -parallelizeTargets -configuration Debug -hideShellScriptEnvironment

User defaults from command line:
    HideShellScriptEnvironment = YES
    IDEPackageSupportUseBuiltinSCM = YES

ComputeTargetDependencyGraph
note: Building targets in dependency order
note: Target dependency graph (1 target)
    Target 'cmTC_e37cb' in project 'CMAKE_TRY_COMPILE' (no dependencies)

GatherProvisioningInputs

CreateBuildDescription
Build description signature: 95b5e1d82b370e3ea7c14bd1518402fa
Build description path: /Users/abhishekshivakumar/gamedev/shadow/Example/SpriteSheet/xbuild/CMakeFiles/CMakeTmp/build/XCBuildData/95b5e1d82b370e3ea7c14bd1518402fa.xcbuilddata

CreateBuildDirectory /Users/abhishekshivakumar/gamedev/shadow/Example/SpriteSheet/xbuild/CMakeFiles/CMakeTmp
    cd /Users/abhishekshivakumar/gamedev/shadow/Example/SpriteSheet/xbuild/CMakeFiles/CMakeTmp/CMAKE_TRY_COMPILE.xcodeproj
    builtin-create-build-directory /Users/abhishekshivakumar/gamedev/shadow/Example/SpriteSheet/xbuild/CMakeFiles/CMakeTmp

ClangStatCache /Applications/Xcode.app/Contents/Developer/Toolchains/XcodeDefault.xctoolchain/usr/bin/clang-stat-cache /Applications/Xcode.app/Contents/Developer/Platforms/MacOSX.platform/Developer/SDKs/MacOSX14.2.sdk /var/folders/x5/smn11rt108jfspkvy3k6yl880000gn/C/com.apple.DeveloperTools/15.2-15C500b/Xcode/SDKStatCaches.noindex/macosx14.2-23C53-df0db8920d7ae99241a1bc0f08d2dced.sdkstatcache
    cd /Users/abhishekshivakumar/gamedev/shadow/Example/SpriteSheet/xbuild/CMakeFiles/CMakeTmp/CMAKE_TRY_COMPILE.xcodeproj
    /Applications/Xcode.app/Contents/Developer/Toolchains/XcodeDefault.xctoolchain/usr/bin/clang-stat-cache /Applications/Xcode.app/Contents/Developer/Platforms/MacOSX.platform/Developer/SDKs/MacOSX14.2.sdk -o /var/folders/x5/smn11rt108jfspkvy3k6yl880000gn/C/com.apple.DeveloperTools/15.2-15C500b/Xcode/SDKStatCaches.noindex/macosx14.2-23C53-df0db8920d7ae99241a1bc0f08d2dced.sdkstatcache

CreateBuildDirectory /Users/abhishekshivakumar/gamedev/shadow/Example/SpriteSheet/xbuild/CMakeFiles/CMakeTmp/Debug
    cd /Users/abhishekshivakumar/gamedev/shadow/Example/SpriteSheet/xbuild/CMakeFiles/CMakeTmp/CMAKE_TRY_COMPILE.xcodeproj
    builtin-create-build-directory /Users/abhishekshivakumar/gamedev/shadow/Example/SpriteSheet/xbuild/CMakeFiles/CMakeTmp/Debug

CreateBuildDirectory /Users/abhishekshivakumar/gamedev/shadow/Example/SpriteSheet/xbuild/CMakeFiles/CMakeTmp/EagerLinkingTBDs/Debug
    cd /Users/abhishekshivakumar/gamedev/shadow/Example/SpriteSheet/xbuild/CMakeFiles/CMakeTmp/CMAKE_TRY_COMPILE.xcodeproj
    builtin-create-build-directory /Users/abhishekshivakumar/gamedev/shadow/Example/SpriteSheet/xbuild/CMakeFiles/CMakeTmp/EagerLinkingTBDs/Debug

WriteAuxiliaryFile /Users/abhishekshivakumar/gamedev/shadow/Example/SpriteSheet/xbuild/CMakeFiles/CMakeTmp/CMAKE_TRY_COMPILE.build/Debug/cmTC_e37cb.build/Objects-normal/arm64/cmTC_e37cb.LinkFileList (in target 'cmTC_e37cb' from project 'CMAKE_TRY_COMPILE')
    cd /Users/abhishekshivakumar/gamedev/shadow/Example/SpriteSheet/xbuild/CMakeFiles/CMakeTmp
    write-file /Users/abhishekshivakumar/gamedev/shadow/Example/SpriteSheet/xbuild/CMakeFiles/CMakeTmp/CMAKE_TRY_COMPILE.build/Debug/cmTC_e37cb.build/Objects-normal/arm64/cmTC_e37cb.LinkFileList

CompileC /Users/abhishekshivakumar/gamedev/shadow/Example/SpriteSheet/xbuild/CMakeFiles/CMakeTmp/CMAKE_TRY_COMPILE.build/Debug/cmTC_e37cb.build/Objects-normal/arm64/CheckSymbolExists.o /Users/abhishekshivakumar/gamedev/shadow/Example/SpriteSheet/xbuild/CMakeFiles/CMakeTmp/CheckSymbolExists.c normal arm64 c com.apple.compilers.llvm.clang.1_0.compiler (in target 'cmTC_e37cb' from project 'CMAKE_TRY_COMPILE')
    cd /Users/abhishekshivakumar/gamedev/shadow/Example/SpriteSheet/xbuild/CMakeFiles/CMakeTmp
    /Applications/Xcode.app/Contents/Developer/Toolchains/XcodeDefault.xctoolchain/usr/bin/clang -x c -ivfsstatcache /var/folders/x5/smn11rt108jfspkvy3k6yl880000gn/C/com.apple.DeveloperTools/15.2-15C500b/Xcode/SDKStatCaches.noindex/macosx14.2-23C53-df0db8920d7ae99241a1bc0f08d2dced.sdkstatcache -target arm64-apple-macos14.2 -fmessage-length\=0 -fdiagnostics-show-note-include-stack -fmacro-backtrace-limit\=0 -fno-color-diagnostics -Wno-trigraphs -fpascal-strings -O0 -Wno-missing-field-initializers -Wno-missing-prototypes -Wno-return-type -Wno-missing-braces -Wparentheses -Wswitch -Wno-unused-function -Wno-unused-label -Wno-unused-parameter -Wno-unused-variable -Wunused-value -Wno-empty-body -Wno-uninitialized -Wno-unknown-pragmas -Wno-shadow -Wno-four-char-constants -Wno-conversion -Wno-constant-conversion -Wno-int-conversion -Wno-bool-conversion -Wno-enum-conversion -Wno-float-conversion -Wno-non-literal-null-conversion -Wno-objc-literal-conversion -Wshorten-64-to-32 -Wpointer-sign -Wno-newline-eof -Wno-implicit-fallthrough -DCMAKE_INTDIR\=\"Debug\" -isysroot /Applications/Xcode.app/Contents/Developer/Platforms/MacOSX.platform/Developer/SDKs/MacOSX14.2.sdk -fstrict-aliasing -Wdeprecated-declarations -g -Wno-sign-conversion -Wno-infinite-recursion -Wno-comma -Wno-block-capture-autoreleasing -Wno-strict-prototypes -Wno-semicolon-before-method-body -I/Users/abhishekshivakumar/gamedev/shadow/Example/SpriteSheet/xbuild/CMakeFiles/CMakeTmp/Debug/include -I/Users/abhishekshivakumar/gamedev/shadow/Example/SpriteSheet/xbuild/CMakeFiles/CMakeTmp/CMAKE_TRY_COMPILE.build/Debug/cmTC_e37cb.build/DerivedSources-normal/arm64 -I/Users/abhishekshivakumar/gamedev/shadow/Example/SpriteSheet/xbuild/CMakeFiles/CMakeTmp/CMAKE_TRY_COMPILE.build/Debug/cmTC_e37cb.build/DerivedSources/arm64 -I/Users/abhishekshivakumar/gamedev/shadow/Example/SpriteSheet/xbuild/CMakeFiles/CMakeTmp/CMAKE_TRY_COMPILE.build/Debug/cmTC_e37cb.build/DerivedSources -F/Users/abhishekshivakumar/gamedev/shadow/Example/SpriteSheet/xbuild/CMakeFiles/CMakeTmp/Debug -idirafter /Users/abhishekshivakumar/gamedev/shadow/Engine/dependencies/SDL/src/video/khronos -D_GNU_SOURCE\=1 -MMD -MT dependencies -MF /Users/abhishekshivakumar/gamedev/shadow/Example/SpriteSheet/xbuild/CMakeFiles/CMakeTmp/CMAKE_TRY_COMPILE.build/Debug/cmTC_e37cb.build/Objects-normal/arm64/CheckSymbolExists.d --serialize-diagnostics /Users/abhishekshivakumar/gamedev/shadow/Example/SpriteSheet/xbuild/CMakeFiles/CMakeTmp/CMAKE_TRY_COMPILE.build/Debug/cmTC_e37cb.build/Objects-normal/arm64/CheckSymbolExists.dia -c /Users/abhishekshivakumar/gamedev/shadow/Example/SpriteSheet/xbuild/CMakeFiles/CMakeTmp/CheckSymbolExists.c -o /Users/abhishekshivakumar/gamedev/shadow/Example/SpriteSheet/xbuild/CMakeFiles/CMakeTmp/CMAKE_TRY_COMPILE.build/Debug/cmTC_e37cb.build/Objects-normal/arm64/CheckSymbolExists.o
/Users/abhishekshivakumar/gamedev/shadow/Example/SpriteSheet/xbuild/CMakeFiles/CMakeTmp/CheckSymbolExists.c:14:19: error: use of undeclared identifier '_strrev'
  return ((int*)(&_strrev))[argc];
                  ^
1 error generated.

** BUILD FAILED **


The following build commands failed:
	CompileC /Users/abhishekshivakumar/gamedev/shadow/Example/SpriteSheet/xbuild/CMakeFiles/CMakeTmp/CMAKE_TRY_COMPILE.build/Debug/cmTC_e37cb.build/Objects-normal/arm64/CheckSymbolExists.o /Users/abhishekshivakumar/gamedev/shadow/Example/SpriteSheet/xbuild/CMakeFiles/CMakeTmp/CheckSymbolExists.c normal arm64 c com.apple.compilers.llvm.clang.1_0.compiler (in target 'cmTC_e37cb' from project 'CMAKE_TRY_COMPILE')
(1 failure)


File /Users/abhishekshivakumar/gamedev/shadow/Example/SpriteSheet/xbuild/CMakeFiles/CMakeTmp/CheckSymbolExists.c:
/* */
#include <stddef.h>
#include <stdarg.h>
#include <stdlib.h>
#include <string.h>
#include <stdio.h>
#include <wchar.h>
#include <float.h>

int main(int argc, char** argv)
{
  (void)argv;
#ifndef _strrev
  return ((int*)(&_strrev))[argc];
#else
  (void)argc;
  return 0;
#endif
}
Determining if the _strupr exist failed with the following output:
Change Dir: /Users/abhishekshivakumar/gamedev/shadow/Example/SpriteSheet/xbuild/CMakeFiles/CMakeTmp

Run Build Command(s):/usr/bin/xcodebuild -project CMAKE_TRY_COMPILE.xcodeproj build -target cmTC_998ff -parallelizeTargets -configuration Debug -hideShellScriptEnvironment && Command line invocation:
    /Applications/Xcode.app/Contents/Developer/usr/bin/xcodebuild -project CMAKE_TRY_COMPILE.xcodeproj build -target cmTC_998ff -parallelizeTargets -configuration Debug -hideShellScriptEnvironment

User defaults from command line:
    HideShellScriptEnvironment = YES
    IDEPackageSupportUseBuiltinSCM = YES

ComputeTargetDependencyGraph
note: Building targets in dependency order
note: Target dependency graph (1 target)
    Target 'cmTC_998ff' in project 'CMAKE_TRY_COMPILE' (no dependencies)

GatherProvisioningInputs

CreateBuildDescription
Build description signature: e255d6c3a113cba8564129887052e47b
Build description path: /Users/abhishekshivakumar/gamedev/shadow/Example/SpriteSheet/xbuild/CMakeFiles/CMakeTmp/build/XCBuildData/e255d6c3a113cba8564129887052e47b.xcbuilddata

CreateBuildDirectory /Users/abhishekshivakumar/gamedev/shadow/Example/SpriteSheet/xbuild/CMakeFiles/CMakeTmp
    cd /Users/abhishekshivakumar/gamedev/shadow/Example/SpriteSheet/xbuild/CMakeFiles/CMakeTmp/CMAKE_TRY_COMPILE.xcodeproj
    builtin-create-build-directory /Users/abhishekshivakumar/gamedev/shadow/Example/SpriteSheet/xbuild/CMakeFiles/CMakeTmp

ClangStatCache /Applications/Xcode.app/Contents/Developer/Toolchains/XcodeDefault.xctoolchain/usr/bin/clang-stat-cache /Applications/Xcode.app/Contents/Developer/Platforms/MacOSX.platform/Developer/SDKs/MacOSX14.2.sdk /var/folders/x5/smn11rt108jfspkvy3k6yl880000gn/C/com.apple.DeveloperTools/15.2-15C500b/Xcode/SDKStatCaches.noindex/macosx14.2-23C53-df0db8920d7ae99241a1bc0f08d2dced.sdkstatcache
    cd /Users/abhishekshivakumar/gamedev/shadow/Example/SpriteSheet/xbuild/CMakeFiles/CMakeTmp/CMAKE_TRY_COMPILE.xcodeproj
    /Applications/Xcode.app/Contents/Developer/Toolchains/XcodeDefault.xctoolchain/usr/bin/clang-stat-cache /Applications/Xcode.app/Contents/Developer/Platforms/MacOSX.platform/Developer/SDKs/MacOSX14.2.sdk -o /var/folders/x5/smn11rt108jfspkvy3k6yl880000gn/C/com.apple.DeveloperTools/15.2-15C500b/Xcode/SDKStatCaches.noindex/macosx14.2-23C53-df0db8920d7ae99241a1bc0f08d2dced.sdkstatcache

CreateBuildDirectory /Users/abhishekshivakumar/gamedev/shadow/Example/SpriteSheet/xbuild/CMakeFiles/CMakeTmp/Debug
    cd /Users/abhishekshivakumar/gamedev/shadow/Example/SpriteSheet/xbuild/CMakeFiles/CMakeTmp/CMAKE_TRY_COMPILE.xcodeproj
    builtin-create-build-directory /Users/abhishekshivakumar/gamedev/shadow/Example/SpriteSheet/xbuild/CMakeFiles/CMakeTmp/Debug

CreateBuildDirectory /Users/abhishekshivakumar/gamedev/shadow/Example/SpriteSheet/xbuild/CMakeFiles/CMakeTmp/EagerLinkingTBDs/Debug
    cd /Users/abhishekshivakumar/gamedev/shadow/Example/SpriteSheet/xbuild/CMakeFiles/CMakeTmp/CMAKE_TRY_COMPILE.xcodeproj
    builtin-create-build-directory /Users/abhishekshivakumar/gamedev/shadow/Example/SpriteSheet/xbuild/CMakeFiles/CMakeTmp/EagerLinkingTBDs/Debug

WriteAuxiliaryFile /Users/abhishekshivakumar/gamedev/shadow/Example/SpriteSheet/xbuild/CMakeFiles/CMakeTmp/CMAKE_TRY_COMPILE.build/Debug/cmTC_998ff.build/Objects-normal/arm64/cmTC_998ff.LinkFileList (in target 'cmTC_998ff' from project 'CMAKE_TRY_COMPILE')
    cd /Users/abhishekshivakumar/gamedev/shadow/Example/SpriteSheet/xbuild/CMakeFiles/CMakeTmp
    write-file /Users/abhishekshivakumar/gamedev/shadow/Example/SpriteSheet/xbuild/CMakeFiles/CMakeTmp/CMAKE_TRY_COMPILE.build/Debug/cmTC_998ff.build/Objects-normal/arm64/cmTC_998ff.LinkFileList

CompileC /Users/abhishekshivakumar/gamedev/shadow/Example/SpriteSheet/xbuild/CMakeFiles/CMakeTmp/CMAKE_TRY_COMPILE.build/Debug/cmTC_998ff.build/Objects-normal/arm64/CheckSymbolExists.o /Users/abhishekshivakumar/gamedev/shadow/Example/SpriteSheet/xbuild/CMakeFiles/CMakeTmp/CheckSymbolExists.c normal arm64 c com.apple.compilers.llvm.clang.1_0.compiler (in target 'cmTC_998ff' from project 'CMAKE_TRY_COMPILE')
    cd /Users/abhishekshivakumar/gamedev/shadow/Example/SpriteSheet/xbuild/CMakeFiles/CMakeTmp
    /Applications/Xcode.app/Contents/Developer/Toolchains/XcodeDefault.xctoolchain/usr/bin/clang -x c -ivfsstatcache /var/folders/x5/smn11rt108jfspkvy3k6yl880000gn/C/com.apple.DeveloperTools/15.2-15C500b/Xcode/SDKStatCaches.noindex/macosx14.2-23C53-df0db8920d7ae99241a1bc0f08d2dced.sdkstatcache -target arm64-apple-macos14.2 -fmessage-length\=0 -fdiagnostics-show-note-include-stack -fmacro-backtrace-limit\=0 -fno-color-diagnostics -Wno-trigraphs -fpascal-strings -O0 -Wno-missing-field-initializers -Wno-missing-prototypes -Wno-return-type -Wno-missing-braces -Wparentheses -Wswitch -Wno-unused-function -Wno-unused-label -Wno-unused-parameter -Wno-unused-variable -Wunused-value -Wno-empty-body -Wno-uninitialized -Wno-unknown-pragmas -Wno-shadow -Wno-four-char-constants -Wno-conversion -Wno-constant-conversion -Wno-int-conversion -Wno-bool-conversion -Wno-enum-conversion -Wno-float-conversion -Wno-non-literal-null-conversion -Wno-objc-literal-conversion -Wshorten-64-to-32 -Wpointer-sign -Wno-newline-eof -Wno-implicit-fallthrough -DCMAKE_INTDIR\=\"Debug\" -isysroot /Applications/Xcode.app/Contents/Developer/Platforms/MacOSX.platform/Developer/SDKs/MacOSX14.2.sdk -fstrict-aliasing -Wdeprecated-declarations -g -Wno-sign-conversion -Wno-infinite-recursion -Wno-comma -Wno-block-capture-autoreleasing -Wno-strict-prototypes -Wno-semicolon-before-method-body -I/Users/abhishekshivakumar/gamedev/shadow/Example/SpriteSheet/xbuild/CMakeFiles/CMakeTmp/Debug/include -I/Users/abhishekshivakumar/gamedev/shadow/Example/SpriteSheet/xbuild/CMakeFiles/CMakeTmp/CMAKE_TRY_COMPILE.build/Debug/cmTC_998ff.build/DerivedSources-normal/arm64 -I/Users/abhishekshivakumar/gamedev/shadow/Example/SpriteSheet/xbuild/CMakeFiles/CMakeTmp/CMAKE_TRY_COMPILE.build/Debug/cmTC_998ff.build/DerivedSources/arm64 -I/Users/abhishekshivakumar/gamedev/shadow/Example/SpriteSheet/xbuild/CMakeFiles/CMakeTmp/CMAKE_TRY_COMPILE.build/Debug/cmTC_998ff.build/DerivedSources -F/Users/abhishekshivakumar/gamedev/shadow/Example/SpriteSheet/xbuild/CMakeFiles/CMakeTmp/Debug -idirafter /Users/abhishekshivakumar/gamedev/shadow/Engine/dependencies/SDL/src/video/khronos -D_GNU_SOURCE\=1 -MMD -MT dependencies -MF /Users/abhishekshivakumar/gamedev/shadow/Example/SpriteSheet/xbuild/CMakeFiles/CMakeTmp/CMAKE_TRY_COMPILE.build/Debug/cmTC_998ff.build/Objects-normal/arm64/CheckSymbolExists.d --serialize-diagnostics /Users/abhishekshivakumar/gamedev/shadow/Example/SpriteSheet/xbuild/CMakeFiles/CMakeTmp/CMAKE_TRY_COMPILE.build/Debug/cmTC_998ff.build/Objects-normal/arm64/CheckSymbolExists.dia -c /Users/abhishekshivakumar/gamedev/shadow/Example/SpriteSheet/xbuild/CMakeFiles/CMakeTmp/CheckSymbolExists.c -o /Users/abhishekshivakumar/gamedev/shadow/Example/SpriteSheet/xbuild/CMakeFiles/CMakeTmp/CMAKE_TRY_COMPILE.build/Debug/cmTC_998ff.build/Objects-normal/arm64/CheckSymbolExists.o
/Users/abhishekshivakumar/gamedev/shadow/Example/SpriteSheet/xbuild/CMakeFiles/CMakeTmp/CheckSymbolExists.c:14:19: error: use of undeclared identifier '_strupr'
  return ((int*)(&_strupr))[argc];
                  ^
1 error generated.

** BUILD FAILED **


The following build commands failed:
	CompileC /Users/abhishekshivakumar/gamedev/shadow/Example/SpriteSheet/xbuild/CMakeFiles/CMakeTmp/CMAKE_TRY_COMPILE.build/Debug/cmTC_998ff.build/Objects-normal/arm64/CheckSymbolExists.o /Users/abhishekshivakumar/gamedev/shadow/Example/SpriteSheet/xbuild/CMakeFiles/CMakeTmp/CheckSymbolExists.c normal arm64 c com.apple.compilers.llvm.clang.1_0.compiler (in target 'cmTC_998ff' from project 'CMAKE_TRY_COMPILE')
(1 failure)


File /Users/abhishekshivakumar/gamedev/shadow/Example/SpriteSheet/xbuild/CMakeFiles/CMakeTmp/CheckSymbolExists.c:
/* */
#include <stddef.h>
#include <stdarg.h>
#include <stdlib.h>
#include <string.h>
#include <stdio.h>
#include <wchar.h>
#include <float.h>

int main(int argc, char** argv)
{
  (void)argv;
#ifndef _strupr
  return ((int*)(&_strupr))[argc];
#else
  (void)argc;
  return 0;
#endif
}
Determining if the _strlwr exist failed with the following output:
Change Dir: /Users/abhishekshivakumar/gamedev/shadow/Example/SpriteSheet/xbuild/CMakeFiles/CMakeTmp

Run Build Command(s):/usr/bin/xcodebuild -project CMAKE_TRY_COMPILE.xcodeproj build -target cmTC_58e38 -parallelizeTargets -configuration Debug -hideShellScriptEnvironment && Command line invocation:
    /Applications/Xcode.app/Contents/Developer/usr/bin/xcodebuild -project CMAKE_TRY_COMPILE.xcodeproj build -target cmTC_58e38 -parallelizeTargets -configuration Debug -hideShellScriptEnvironment

User defaults from command line:
    HideShellScriptEnvironment = YES
    IDEPackageSupportUseBuiltinSCM = YES

ComputeTargetDependencyGraph
note: Building targets in dependency order
note: Target dependency graph (1 target)
    Target 'cmTC_58e38' in project 'CMAKE_TRY_COMPILE' (no dependencies)

GatherProvisioningInputs

CreateBuildDescription
Build description signature: 5782ee408b49143737a009559e5f4cc1
Build description path: /Users/abhishekshivakumar/gamedev/shadow/Example/SpriteSheet/xbuild/CMakeFiles/CMakeTmp/build/XCBuildData/5782ee408b49143737a009559e5f4cc1.xcbuilddata

CreateBuildDirectory /Users/abhishekshivakumar/gamedev/shadow/Example/SpriteSheet/xbuild/CMakeFiles/CMakeTmp
    cd /Users/abhishekshivakumar/gamedev/shadow/Example/SpriteSheet/xbuild/CMakeFiles/CMakeTmp/CMAKE_TRY_COMPILE.xcodeproj
    builtin-create-build-directory /Users/abhishekshivakumar/gamedev/shadow/Example/SpriteSheet/xbuild/CMakeFiles/CMakeTmp

ClangStatCache /Applications/Xcode.app/Contents/Developer/Toolchains/XcodeDefault.xctoolchain/usr/bin/clang-stat-cache /Applications/Xcode.app/Contents/Developer/Platforms/MacOSX.platform/Developer/SDKs/MacOSX14.2.sdk /var/folders/x5/smn11rt108jfspkvy3k6yl880000gn/C/com.apple.DeveloperTools/15.2-15C500b/Xcode/SDKStatCaches.noindex/macosx14.2-23C53-df0db8920d7ae99241a1bc0f08d2dced.sdkstatcache
    cd /Users/abhishekshivakumar/gamedev/shadow/Example/SpriteSheet/xbuild/CMakeFiles/CMakeTmp/CMAKE_TRY_COMPILE.xcodeproj
    /Applications/Xcode.app/Contents/Developer/Toolchains/XcodeDefault.xctoolchain/usr/bin/clang-stat-cache /Applications/Xcode.app/Contents/Developer/Platforms/MacOSX.platform/Developer/SDKs/MacOSX14.2.sdk -o /var/folders/x5/smn11rt108jfspkvy3k6yl880000gn/C/com.apple.DeveloperTools/15.2-15C500b/Xcode/SDKStatCaches.noindex/macosx14.2-23C53-df0db8920d7ae99241a1bc0f08d2dced.sdkstatcache

CreateBuildDirectory /Users/abhishekshivakumar/gamedev/shadow/Example/SpriteSheet/xbuild/CMakeFiles/CMakeTmp/Debug
    cd /Users/abhishekshivakumar/gamedev/shadow/Example/SpriteSheet/xbuild/CMakeFiles/CMakeTmp/CMAKE_TRY_COMPILE.xcodeproj
    builtin-create-build-directory /Users/abhishekshivakumar/gamedev/shadow/Example/SpriteSheet/xbuild/CMakeFiles/CMakeTmp/Debug

CreateBuildDirectory /Users/abhishekshivakumar/gamedev/shadow/Example/SpriteSheet/xbuild/CMakeFiles/CMakeTmp/EagerLinkingTBDs/Debug
    cd /Users/abhishekshivakumar/gamedev/shadow/Example/SpriteSheet/xbuild/CMakeFiles/CMakeTmp/CMAKE_TRY_COMPILE.xcodeproj
    builtin-create-build-directory /Users/abhishekshivakumar/gamedev/shadow/Example/SpriteSheet/xbuild/CMakeFiles/CMakeTmp/EagerLinkingTBDs/Debug

WriteAuxiliaryFile /Users/abhishekshivakumar/gamedev/shadow/Example/SpriteSheet/xbuild/CMakeFiles/CMakeTmp/CMAKE_TRY_COMPILE.build/Debug/cmTC_58e38.build/Objects-normal/arm64/cmTC_58e38.LinkFileList (in target 'cmTC_58e38' from project 'CMAKE_TRY_COMPILE')
    cd /Users/abhishekshivakumar/gamedev/shadow/Example/SpriteSheet/xbuild/CMakeFiles/CMakeTmp
    write-file /Users/abhishekshivakumar/gamedev/shadow/Example/SpriteSheet/xbuild/CMakeFiles/CMakeTmp/CMAKE_TRY_COMPILE.build/Debug/cmTC_58e38.build/Objects-normal/arm64/cmTC_58e38.LinkFileList

CompileC /Users/abhishekshivakumar/gamedev/shadow/Example/SpriteSheet/xbuild/CMakeFiles/CMakeTmp/CMAKE_TRY_COMPILE.build/Debug/cmTC_58e38.build/Objects-normal/arm64/CheckSymbolExists.o /Users/abhishekshivakumar/gamedev/shadow/Example/SpriteSheet/xbuild/CMakeFiles/CMakeTmp/CheckSymbolExists.c normal arm64 c com.apple.compilers.llvm.clang.1_0.compiler (in target 'cmTC_58e38' from project 'CMAKE_TRY_COMPILE')
    cd /Users/abhishekshivakumar/gamedev/shadow/Example/SpriteSheet/xbuild/CMakeFiles/CMakeTmp
    /Applications/Xcode.app/Contents/Developer/Toolchains/XcodeDefault.xctoolchain/usr/bin/clang -x c -ivfsstatcache /var/folders/x5/smn11rt108jfspkvy3k6yl880000gn/C/com.apple.DeveloperTools/15.2-15C500b/Xcode/SDKStatCaches.noindex/macosx14.2-23C53-df0db8920d7ae99241a1bc0f08d2dced.sdkstatcache -target arm64-apple-macos14.2 -fmessage-length\=0 -fdiagnostics-show-note-include-stack -fmacro-backtrace-limit\=0 -fno-color-diagnostics -Wno-trigraphs -fpascal-strings -O0 -Wno-missing-field-initializers -Wno-missing-prototypes -Wno-return-type -Wno-missing-braces -Wparentheses -Wswitch -Wno-unused-function -Wno-unused-label -Wno-unused-parameter -Wno-unused-variable -Wunused-value -Wno-empty-body -Wno-uninitialized -Wno-unknown-pragmas -Wno-shadow -Wno-four-char-constants -Wno-conversion -Wno-constant-conversion -Wno-int-conversion -Wno-bool-conversion -Wno-enum-conversion -Wno-float-conversion -Wno-non-literal-null-conversion -Wno-objc-literal-conversion -Wshorten-64-to-32 -Wpointer-sign -Wno-newline-eof -Wno-implicit-fallthrough -DCMAKE_INTDIR\=\"Debug\" -isysroot /Applications/Xcode.app/Contents/Developer/Platforms/MacOSX.platform/Developer/SDKs/MacOSX14.2.sdk -fstrict-aliasing -Wdeprecated-declarations -g -Wno-sign-conversion -Wno-infinite-recursion -Wno-comma -Wno-block-capture-autoreleasing -Wno-strict-prototypes -Wno-semicolon-before-method-body -I/Users/abhishekshivakumar/gamedev/shadow/Example/SpriteSheet/xbuild/CMakeFiles/CMakeTmp/Debug/include -I/Users/abhishekshivakumar/gamedev/shadow/Example/SpriteSheet/xbuild/CMakeFiles/CMakeTmp/CMAKE_TRY_COMPILE.build/Debug/cmTC_58e38.build/DerivedSources-normal/arm64 -I/Users/abhishekshivakumar/gamedev/shadow/Example/SpriteSheet/xbuild/CMakeFiles/CMakeTmp/CMAKE_TRY_COMPILE.build/Debug/cmTC_58e38.build/DerivedSources/arm64 -I/Users/abhishekshivakumar/gamedev/shadow/Example/SpriteSheet/xbuild/CMakeFiles/CMakeTmp/CMAKE_TRY_COMPILE.build/Debug/cmTC_58e38.build/DerivedSources -F/Users/abhishekshivakumar/gamedev/shadow/Example/SpriteSheet/xbuild/CMakeFiles/CMakeTmp/Debug -idirafter /Users/abhishekshivakumar/gamedev/shadow/Engine/dependencies/SDL/src/video/khronos -D_GNU_SOURCE\=1 -MMD -MT dependencies -MF /Users/abhishekshivakumar/gamedev/shadow/Example/SpriteSheet/xbuild/CMakeFiles/CMakeTmp/CMAKE_TRY_COMPILE.build/Debug/cmTC_58e38.build/Objects-normal/arm64/CheckSymbolExists.d --serialize-diagnostics /Users/abhishekshivakumar/gamedev/shadow/Example/SpriteSheet/xbuild/CMakeFiles/CMakeTmp/CMAKE_TRY_COMPILE.build/Debug/cmTC_58e38.build/Objects-normal/arm64/CheckSymbolExists.dia -c /Users/abhishekshivakumar/gamedev/shadow/Example/SpriteSheet/xbuild/CMakeFiles/CMakeTmp/CheckSymbolExists.c -o /Users/abhishekshivakumar/gamedev/shadow/Example/SpriteSheet/xbuild/CMakeFiles/CMakeTmp/CMAKE_TRY_COMPILE.build/Debug/cmTC_58e38.build/Objects-normal/arm64/CheckSymbolExists.o
/Users/abhishekshivakumar/gamedev/shadow/Example/SpriteSheet/xbuild/CMakeFiles/CMakeTmp/CheckSymbolExists.c:14:19: error: use of undeclared identifier '_strlwr'
  return ((int*)(&_strlwr))[argc];
                  ^
1 error generated.

** BUILD FAILED **


The following build commands failed:
	CompileC /Users/abhishekshivakumar/gamedev/shadow/Example/SpriteSheet/xbuild/CMakeFiles/CMakeTmp/CMAKE_TRY_COMPILE.build/Debug/cmTC_58e38.build/Objects-normal/arm64/CheckSymbolExists.o /Users/abhishekshivakumar/gamedev/shadow/Example/SpriteSheet/xbuild/CMakeFiles/CMakeTmp/CheckSymbolExists.c normal arm64 c com.apple.compilers.llvm.clang.1_0.compiler (in target 'cmTC_58e38' from project 'CMAKE_TRY_COMPILE')
(1 failure)


File /Users/abhishekshivakumar/gamedev/shadow/Example/SpriteSheet/xbuild/CMakeFiles/CMakeTmp/CheckSymbolExists.c:
/* */
#include <stddef.h>
#include <stdarg.h>
#include <stdlib.h>
#include <string.h>
#include <stdio.h>
#include <wchar.h>
#include <float.h>

int main(int argc, char** argv)
{
  (void)argv;
#ifndef _strlwr
  return ((int*)(&_strlwr))[argc];
#else
  (void)argc;
  return 0;
#endif
}
Determining if the itoa exist failed with the following output:
Change Dir: /Users/abhishekshivakumar/gamedev/shadow/Example/SpriteSheet/xbuild/CMakeFiles/CMakeTmp

Run Build Command(s):/usr/bin/xcodebuild -project CMAKE_TRY_COMPILE.xcodeproj build -target cmTC_4fd73 -parallelizeTargets -configuration Debug -hideShellScriptEnvironment && Command line invocation:
    /Applications/Xcode.app/Contents/Developer/usr/bin/xcodebuild -project CMAKE_TRY_COMPILE.xcodeproj build -target cmTC_4fd73 -parallelizeTargets -configuration Debug -hideShellScriptEnvironment

User defaults from command line:
    HideShellScriptEnvironment = YES
    IDEPackageSupportUseBuiltinSCM = YES

ComputeTargetDependencyGraph
note: Building targets in dependency order
note: Target dependency graph (1 target)
    Target 'cmTC_4fd73' in project 'CMAKE_TRY_COMPILE' (no dependencies)

GatherProvisioningInputs

CreateBuildDescription
Build description signature: dee7af536bf2bef0dc44451d199c982e
Build description path: /Users/abhishekshivakumar/gamedev/shadow/Example/SpriteSheet/xbuild/CMakeFiles/CMakeTmp/build/XCBuildData/dee7af536bf2bef0dc44451d199c982e.xcbuilddata

CreateBuildDirectory /Users/abhishekshivakumar/gamedev/shadow/Example/SpriteSheet/xbuild/CMakeFiles/CMakeTmp
    cd /Users/abhishekshivakumar/gamedev/shadow/Example/SpriteSheet/xbuild/CMakeFiles/CMakeTmp/CMAKE_TRY_COMPILE.xcodeproj
    builtin-create-build-directory /Users/abhishekshivakumar/gamedev/shadow/Example/SpriteSheet/xbuild/CMakeFiles/CMakeTmp

ClangStatCache /Applications/Xcode.app/Contents/Developer/Toolchains/XcodeDefault.xctoolchain/usr/bin/clang-stat-cache /Applications/Xcode.app/Contents/Developer/Platforms/MacOSX.platform/Developer/SDKs/MacOSX14.2.sdk /var/folders/x5/smn11rt108jfspkvy3k6yl880000gn/C/com.apple.DeveloperTools/15.2-15C500b/Xcode/SDKStatCaches.noindex/macosx14.2-23C53-df0db8920d7ae99241a1bc0f08d2dced.sdkstatcache
    cd /Users/abhishekshivakumar/gamedev/shadow/Example/SpriteSheet/xbuild/CMakeFiles/CMakeTmp/CMAKE_TRY_COMPILE.xcodeproj
    /Applications/Xcode.app/Contents/Developer/Toolchains/XcodeDefault.xctoolchain/usr/bin/clang-stat-cache /Applications/Xcode.app/Contents/Developer/Platforms/MacOSX.platform/Developer/SDKs/MacOSX14.2.sdk -o /var/folders/x5/smn11rt108jfspkvy3k6yl880000gn/C/com.apple.DeveloperTools/15.2-15C500b/Xcode/SDKStatCaches.noindex/macosx14.2-23C53-df0db8920d7ae99241a1bc0f08d2dced.sdkstatcache

CreateBuildDirectory /Users/abhishekshivakumar/gamedev/shadow/Example/SpriteSheet/xbuild/CMakeFiles/CMakeTmp/Debug
    cd /Users/abhishekshivakumar/gamedev/shadow/Example/SpriteSheet/xbuild/CMakeFiles/CMakeTmp/CMAKE_TRY_COMPILE.xcodeproj
    builtin-create-build-directory /Users/abhishekshivakumar/gamedev/shadow/Example/SpriteSheet/xbuild/CMakeFiles/CMakeTmp/Debug

CreateBuildDirectory /Users/abhishekshivakumar/gamedev/shadow/Example/SpriteSheet/xbuild/CMakeFiles/CMakeTmp/EagerLinkingTBDs/Debug
    cd /Users/abhishekshivakumar/gamedev/shadow/Example/SpriteSheet/xbuild/CMakeFiles/CMakeTmp/CMAKE_TRY_COMPILE.xcodeproj
    builtin-create-build-directory /Users/abhishekshivakumar/gamedev/shadow/Example/SpriteSheet/xbuild/CMakeFiles/CMakeTmp/EagerLinkingTBDs/Debug

WriteAuxiliaryFile /Users/abhishekshivakumar/gamedev/shadow/Example/SpriteSheet/xbuild/CMakeFiles/CMakeTmp/CMAKE_TRY_COMPILE.build/Debug/cmTC_4fd73.build/Objects-normal/arm64/cmTC_4fd73.LinkFileList (in target 'cmTC_4fd73' from project 'CMAKE_TRY_COMPILE')
    cd /Users/abhishekshivakumar/gamedev/shadow/Example/SpriteSheet/xbuild/CMakeFiles/CMakeTmp
    write-file /Users/abhishekshivakumar/gamedev/shadow/Example/SpriteSheet/xbuild/CMakeFiles/CMakeTmp/CMAKE_TRY_COMPILE.build/Debug/cmTC_4fd73.build/Objects-normal/arm64/cmTC_4fd73.LinkFileList

CompileC /Users/abhishekshivakumar/gamedev/shadow/Example/SpriteSheet/xbuild/CMakeFiles/CMakeTmp/CMAKE_TRY_COMPILE.build/Debug/cmTC_4fd73.build/Objects-normal/arm64/CheckSymbolExists.o /Users/abhishekshivakumar/gamedev/shadow/Example/SpriteSheet/xbuild/CMakeFiles/CMakeTmp/CheckSymbolExists.c normal arm64 c com.apple.compilers.llvm.clang.1_0.compiler (in target 'cmTC_4fd73' from project 'CMAKE_TRY_COMPILE')
    cd /Users/abhishekshivakumar/gamedev/shadow/Example/SpriteSheet/xbuild/CMakeFiles/CMakeTmp
    /Applications/Xcode.app/Contents/Developer/Toolchains/XcodeDefault.xctoolchain/usr/bin/clang -x c -ivfsstatcache /var/folders/x5/smn11rt108jfspkvy3k6yl880000gn/C/com.apple.DeveloperTools/15.2-15C500b/Xcode/SDKStatCaches.noindex/macosx14.2-23C53-df0db8920d7ae99241a1bc0f08d2dced.sdkstatcache -target arm64-apple-macos14.2 -fmessage-length\=0 -fdiagnostics-show-note-include-stack -fmacro-backtrace-limit\=0 -fno-color-diagnostics -Wno-trigraphs -fpascal-strings -O0 -Wno-missing-field-initializers -Wno-missing-prototypes -Wno-return-type -Wno-missing-braces -Wparentheses -Wswitch -Wno-unused-function -Wno-unused-label -Wno-unused-parameter -Wno-unused-variable -Wunused-value -Wno-empty-body -Wno-uninitialized -Wno-unknown-pragmas -Wno-shadow -Wno-four-char-constants -Wno-conversion -Wno-constant-conversion -Wno-int-conversion -Wno-bool-conversion -Wno-enum-conversion -Wno-float-conversion -Wno-non-literal-null-conversion -Wno-objc-literal-conversion -Wshorten-64-to-32 -Wpointer-sign -Wno-newline-eof -Wno-implicit-fallthrough -DCMAKE_INTDIR\=\"Debug\" -isysroot /Applications/Xcode.app/Contents/Developer/Platforms/MacOSX.platform/Developer/SDKs/MacOSX14.2.sdk -fstrict-aliasing -Wdeprecated-declarations -g -Wno-sign-conversion -Wno-infinite-recursion -Wno-comma -Wno-block-capture-autoreleasing -Wno-strict-prototypes -Wno-semicolon-before-method-body -I/Users/abhishekshivakumar/gamedev/shadow/Example/SpriteSheet/xbuild/CMakeFiles/CMakeTmp/Debug/include -I/Users/abhishekshivakumar/gamedev/shadow/Example/SpriteSheet/xbuild/CMakeFiles/CMakeTmp/CMAKE_TRY_COMPILE.build/Debug/cmTC_4fd73.build/DerivedSources-normal/arm64 -I/Users/abhishekshivakumar/gamedev/shadow/Example/SpriteSheet/xbuild/CMakeFiles/CMakeTmp/CMAKE_TRY_COMPILE.build/Debug/cmTC_4fd73.build/DerivedSources/arm64 -I/Users/abhishekshivakumar/gamedev/shadow/Example/SpriteSheet/xbuild/CMakeFiles/CMakeTmp/CMAKE_TRY_COMPILE.build/Debug/cmTC_4fd73.build/DerivedSources -F/Users/abhishekshivakumar/gamedev/shadow/Example/SpriteSheet/xbuild/CMakeFiles/CMakeTmp/Debug -idirafter /Users/abhishekshivakumar/gamedev/shadow/Engine/dependencies/SDL/src/video/khronos -D_GNU_SOURCE\=1 -MMD -MT dependencies -MF /Users/abhishekshivakumar/gamedev/shadow/Example/SpriteSheet/xbuild/CMakeFiles/CMakeTmp/CMAKE_TRY_COMPILE.build/Debug/cmTC_4fd73.build/Objects-normal/arm64/CheckSymbolExists.d --serialize-diagnostics /Users/abhishekshivakumar/gamedev/shadow/Example/SpriteSheet/xbuild/CMakeFiles/CMakeTmp/CMAKE_TRY_COMPILE.build/Debug/cmTC_4fd73.build/Objects-normal/arm64/CheckSymbolExists.dia -c /Users/abhishekshivakumar/gamedev/shadow/Example/SpriteSheet/xbuild/CMakeFiles/CMakeTmp/CheckSymbolExists.c -o /Users/abhishekshivakumar/gamedev/shadow/Example/SpriteSheet/xbuild/CMakeFiles/CMakeTmp/CMAKE_TRY_COMPILE.build/Debug/cmTC_4fd73.build/Objects-normal/arm64/CheckSymbolExists.o
/Users/abhishekshivakumar/gamedev/shadow/Example/SpriteSheet/xbuild/CMakeFiles/CMakeTmp/CheckSymbolExists.c:14:19: error: use of undeclared identifier 'itoa'
  return ((int*)(&itoa))[argc];
                  ^
1 error generated.

** BUILD FAILED **


The following build commands failed:
	CompileC /Users/abhishekshivakumar/gamedev/shadow/Example/SpriteSheet/xbuild/CMakeFiles/CMakeTmp/CMAKE_TRY_COMPILE.build/Debug/cmTC_4fd73.build/Objects-normal/arm64/CheckSymbolExists.o /Users/abhishekshivakumar/gamedev/shadow/Example/SpriteSheet/xbuild/CMakeFiles/CMakeTmp/CheckSymbolExists.c normal arm64 c com.apple.compilers.llvm.clang.1_0.compiler (in target 'cmTC_4fd73' from project 'CMAKE_TRY_COMPILE')
(1 failure)


File /Users/abhishekshivakumar/gamedev/shadow/Example/SpriteSheet/xbuild/CMakeFiles/CMakeTmp/CheckSymbolExists.c:
/* */
#include <stddef.h>
#include <stdarg.h>
#include <stdlib.h>
#include <string.h>
#include <stdio.h>
#include <wchar.h>
#include <float.h>

int main(int argc, char** argv)
{
  (void)argv;
#ifndef itoa
  return ((int*)(&itoa))[argc];
#else
  (void)argc;
  return 0;
#endif
}
Determining if the _ltoa exist failed with the following output:
Change Dir: /Users/abhishekshivakumar/gamedev/shadow/Example/SpriteSheet/xbuild/CMakeFiles/CMakeTmp

Run Build Command(s):/usr/bin/xcodebuild -project CMAKE_TRY_COMPILE.xcodeproj build -target cmTC_a1577 -parallelizeTargets -configuration Debug -hideShellScriptEnvironment && Command line invocation:
    /Applications/Xcode.app/Contents/Developer/usr/bin/xcodebuild -project CMAKE_TRY_COMPILE.xcodeproj build -target cmTC_a1577 -parallelizeTargets -configuration Debug -hideShellScriptEnvironment

User defaults from command line:
    HideShellScriptEnvironment = YES
    IDEPackageSupportUseBuiltinSCM = YES

ComputeTargetDependencyGraph
note: Building targets in dependency order
note: Target dependency graph (1 target)
    Target 'cmTC_a1577' in project 'CMAKE_TRY_COMPILE' (no dependencies)

GatherProvisioningInputs

CreateBuildDescription
Build description signature: dfcb312dbea4d902e746864b93e3483d
Build description path: /Users/abhishekshivakumar/gamedev/shadow/Example/SpriteSheet/xbuild/CMakeFiles/CMakeTmp/build/XCBuildData/dfcb312dbea4d902e746864b93e3483d.xcbuilddata

CreateBuildDirectory /Users/abhishekshivakumar/gamedev/shadow/Example/SpriteSheet/xbuild/CMakeFiles/CMakeTmp
    cd /Users/abhishekshivakumar/gamedev/shadow/Example/SpriteSheet/xbuild/CMakeFiles/CMakeTmp/CMAKE_TRY_COMPILE.xcodeproj
    builtin-create-build-directory /Users/abhishekshivakumar/gamedev/shadow/Example/SpriteSheet/xbuild/CMakeFiles/CMakeTmp

ClangStatCache /Applications/Xcode.app/Contents/Developer/Toolchains/XcodeDefault.xctoolchain/usr/bin/clang-stat-cache /Applications/Xcode.app/Contents/Developer/Platforms/MacOSX.platform/Developer/SDKs/MacOSX14.2.sdk /var/folders/x5/smn11rt108jfspkvy3k6yl880000gn/C/com.apple.DeveloperTools/15.2-15C500b/Xcode/SDKStatCaches.noindex/macosx14.2-23C53-df0db8920d7ae99241a1bc0f08d2dced.sdkstatcache
    cd /Users/abhishekshivakumar/gamedev/shadow/Example/SpriteSheet/xbuild/CMakeFiles/CMakeTmp/CMAKE_TRY_COMPILE.xcodeproj
    /Applications/Xcode.app/Contents/Developer/Toolchains/XcodeDefault.xctoolchain/usr/bin/clang-stat-cache /Applications/Xcode.app/Contents/Developer/Platforms/MacOSX.platform/Developer/SDKs/MacOSX14.2.sdk -o /var/folders/x5/smn11rt108jfspkvy3k6yl880000gn/C/com.apple.DeveloperTools/15.2-15C500b/Xcode/SDKStatCaches.noindex/macosx14.2-23C53-df0db8920d7ae99241a1bc0f08d2dced.sdkstatcache

CreateBuildDirectory /Users/abhishekshivakumar/gamedev/shadow/Example/SpriteSheet/xbuild/CMakeFiles/CMakeTmp/Debug
    cd /Users/abhishekshivakumar/gamedev/shadow/Example/SpriteSheet/xbuild/CMakeFiles/CMakeTmp/CMAKE_TRY_COMPILE.xcodeproj
    builtin-create-build-directory /Users/abhishekshivakumar/gamedev/shadow/Example/SpriteSheet/xbuild/CMakeFiles/CMakeTmp/Debug

CreateBuildDirectory /Users/abhishekshivakumar/gamedev/shadow/Example/SpriteSheet/xbuild/CMakeFiles/CMakeTmp/EagerLinkingTBDs/Debug
    cd /Users/abhishekshivakumar/gamedev/shadow/Example/SpriteSheet/xbuild/CMakeFiles/CMakeTmp/CMAKE_TRY_COMPILE.xcodeproj
    builtin-create-build-directory /Users/abhishekshivakumar/gamedev/shadow/Example/SpriteSheet/xbuild/CMakeFiles/CMakeTmp/EagerLinkingTBDs/Debug

WriteAuxiliaryFile /Users/abhishekshivakumar/gamedev/shadow/Example/SpriteSheet/xbuild/CMakeFiles/CMakeTmp/CMAKE_TRY_COMPILE.build/Debug/cmTC_a1577.build/Objects-normal/arm64/cmTC_a1577.LinkFileList (in target 'cmTC_a1577' from project 'CMAKE_TRY_COMPILE')
    cd /Users/abhishekshivakumar/gamedev/shadow/Example/SpriteSheet/xbuild/CMakeFiles/CMakeTmp
    write-file /Users/abhishekshivakumar/gamedev/shadow/Example/SpriteSheet/xbuild/CMakeFiles/CMakeTmp/CMAKE_TRY_COMPILE.build/Debug/cmTC_a1577.build/Objects-normal/arm64/cmTC_a1577.LinkFileList

CompileC /Users/abhishekshivakumar/gamedev/shadow/Example/SpriteSheet/xbuild/CMakeFiles/CMakeTmp/CMAKE_TRY_COMPILE.build/Debug/cmTC_a1577.build/Objects-normal/arm64/CheckSymbolExists.o /Users/abhishekshivakumar/gamedev/shadow/Example/SpriteSheet/xbuild/CMakeFiles/CMakeTmp/CheckSymbolExists.c normal arm64 c com.apple.compilers.llvm.clang.1_0.compiler (in target 'cmTC_a1577' from project 'CMAKE_TRY_COMPILE')
    cd /Users/abhishekshivakumar/gamedev/shadow/Example/SpriteSheet/xbuild/CMakeFiles/CMakeTmp
    /Applications/Xcode.app/Contents/Developer/Toolchains/XcodeDefault.xctoolchain/usr/bin/clang -x c -ivfsstatcache /var/folders/x5/smn11rt108jfspkvy3k6yl880000gn/C/com.apple.DeveloperTools/15.2-15C500b/Xcode/SDKStatCaches.noindex/macosx14.2-23C53-df0db8920d7ae99241a1bc0f08d2dced.sdkstatcache -target arm64-apple-macos14.2 -fmessage-length\=0 -fdiagnostics-show-note-include-stack -fmacro-backtrace-limit\=0 -fno-color-diagnostics -Wno-trigraphs -fpascal-strings -O0 -Wno-missing-field-initializers -Wno-missing-prototypes -Wno-return-type -Wno-missing-braces -Wparentheses -Wswitch -Wno-unused-function -Wno-unused-label -Wno-unused-parameter -Wno-unused-variable -Wunused-value -Wno-empty-body -Wno-uninitialized -Wno-unknown-pragmas -Wno-shadow -Wno-four-char-constants -Wno-conversion -Wno-constant-conversion -Wno-int-conversion -Wno-bool-conversion -Wno-enum-conversion -Wno-float-conversion -Wno-non-literal-null-conversion -Wno-objc-literal-conversion -Wshorten-64-to-32 -Wpointer-sign -Wno-newline-eof -Wno-implicit-fallthrough -DCMAKE_INTDIR\=\"Debug\" -isysroot /Applications/Xcode.app/Contents/Developer/Platforms/MacOSX.platform/Developer/SDKs/MacOSX14.2.sdk -fstrict-aliasing -Wdeprecated-declarations -g -Wno-sign-conversion -Wno-infinite-recursion -Wno-comma -Wno-block-capture-autoreleasing -Wno-strict-prototypes -Wno-semicolon-before-method-body -I/Users/abhishekshivakumar/gamedev/shadow/Example/SpriteSheet/xbuild/CMakeFiles/CMakeTmp/Debug/include -I/Users/abhishekshivakumar/gamedev/shadow/Example/SpriteSheet/xbuild/CMakeFiles/CMakeTmp/CMAKE_TRY_COMPILE.build/Debug/cmTC_a1577.build/DerivedSources-normal/arm64 -I/Users/abhishekshivakumar/gamedev/shadow/Example/SpriteSheet/xbuild/CMakeFiles/CMakeTmp/CMAKE_TRY_COMPILE.build/Debug/cmTC_a1577.build/DerivedSources/arm64 -I/Users/abhishekshivakumar/gamedev/shadow/Example/SpriteSheet/xbuild/CMakeFiles/CMakeTmp/CMAKE_TRY_COMPILE.build/Debug/cmTC_a1577.build/DerivedSources -F/Users/abhishekshivakumar/gamedev/shadow/Example/SpriteSheet/xbuild/CMakeFiles/CMakeTmp/Debug -idirafter /Users/abhishekshivakumar/gamedev/shadow/Engine/dependencies/SDL/src/video/khronos -D_GNU_SOURCE\=1 -MMD -MT dependencies -MF /Users/abhishekshivakumar/gamedev/shadow/Example/SpriteSheet/xbuild/CMakeFiles/CMakeTmp/CMAKE_TRY_COMPILE.build/Debug/cmTC_a1577.build/Objects-normal/arm64/CheckSymbolExists.d --serialize-diagnostics /Users/abhishekshivakumar/gamedev/shadow/Example/SpriteSheet/xbuild/CMakeFiles/CMakeTmp/CMAKE_TRY_COMPILE.build/Debug/cmTC_a1577.build/Objects-normal/arm64/CheckSymbolExists.dia -c /Users/abhishekshivakumar/gamedev/shadow/Example/SpriteSheet/xbuild/CMakeFiles/CMakeTmp/CheckSymbolExists.c -o /Users/abhishekshivakumar/gamedev/shadow/Example/SpriteSheet/xbuild/CMakeFiles/CMakeTmp/CMAKE_TRY_COMPILE.build/Debug/cmTC_a1577.build/Objects-normal/arm64/CheckSymbolExists.o
/Users/abhishekshivakumar/gamedev/shadow/Example/SpriteSheet/xbuild/CMakeFiles/CMakeTmp/CheckSymbolExists.c:14:19: error: use of undeclared identifier '_ltoa'
  return ((int*)(&_ltoa))[argc];
                  ^
1 error generated.

** BUILD FAILED **


The following build commands failed:
	CompileC /Users/abhishekshivakumar/gamedev/shadow/Example/SpriteSheet/xbuild/CMakeFiles/CMakeTmp/CMAKE_TRY_COMPILE.build/Debug/cmTC_a1577.build/Objects-normal/arm64/CheckSymbolExists.o /Users/abhishekshivakumar/gamedev/shadow/Example/SpriteSheet/xbuild/CMakeFiles/CMakeTmp/CheckSymbolExists.c normal arm64 c com.apple.compilers.llvm.clang.1_0.compiler (in target 'cmTC_a1577' from project 'CMAKE_TRY_COMPILE')
(1 failure)


File /Users/abhishekshivakumar/gamedev/shadow/Example/SpriteSheet/xbuild/CMakeFiles/CMakeTmp/CheckSymbolExists.c:
/* */
#include <stddef.h>
#include <stdarg.h>
#include <stdlib.h>
#include <string.h>
#include <stdio.h>
#include <wchar.h>
#include <float.h>

int main(int argc, char** argv)
{
  (void)argv;
#ifndef _ltoa
  return ((int*)(&_ltoa))[argc];
#else
  (void)argc;
  return 0;
#endif
}
Determining if the _uitoa exist failed with the following output:
Change Dir: /Users/abhishekshivakumar/gamedev/shadow/Example/SpriteSheet/xbuild/CMakeFiles/CMakeTmp

Run Build Command(s):/usr/bin/xcodebuild -project CMAKE_TRY_COMPILE.xcodeproj build -target cmTC_007fe -parallelizeTargets -configuration Debug -hideShellScriptEnvironment && Command line invocation:
    /Applications/Xcode.app/Contents/Developer/usr/bin/xcodebuild -project CMAKE_TRY_COMPILE.xcodeproj build -target cmTC_007fe -parallelizeTargets -configuration Debug -hideShellScriptEnvironment

User defaults from command line:
    HideShellScriptEnvironment = YES
    IDEPackageSupportUseBuiltinSCM = YES

ComputeTargetDependencyGraph
note: Building targets in dependency order
note: Target dependency graph (1 target)
    Target 'cmTC_007fe' in project 'CMAKE_TRY_COMPILE' (no dependencies)

GatherProvisioningInputs

CreateBuildDescription
Build description signature: dc550546bb4d23a37594d0605cd49dda
Build description path: /Users/abhishekshivakumar/gamedev/shadow/Example/SpriteSheet/xbuild/CMakeFiles/CMakeTmp/build/XCBuildData/dc550546bb4d23a37594d0605cd49dda.xcbuilddata

CreateBuildDirectory /Users/abhishekshivakumar/gamedev/shadow/Example/SpriteSheet/xbuild/CMakeFiles/CMakeTmp
    cd /Users/abhishekshivakumar/gamedev/shadow/Example/SpriteSheet/xbuild/CMakeFiles/CMakeTmp/CMAKE_TRY_COMPILE.xcodeproj
    builtin-create-build-directory /Users/abhishekshivakumar/gamedev/shadow/Example/SpriteSheet/xbuild/CMakeFiles/CMakeTmp

ClangStatCache /Applications/Xcode.app/Contents/Developer/Toolchains/XcodeDefault.xctoolchain/usr/bin/clang-stat-cache /Applications/Xcode.app/Contents/Developer/Platforms/MacOSX.platform/Developer/SDKs/MacOSX14.2.sdk /var/folders/x5/smn11rt108jfspkvy3k6yl880000gn/C/com.apple.DeveloperTools/15.2-15C500b/Xcode/SDKStatCaches.noindex/macosx14.2-23C53-df0db8920d7ae99241a1bc0f08d2dced.sdkstatcache
    cd /Users/abhishekshivakumar/gamedev/shadow/Example/SpriteSheet/xbuild/CMakeFiles/CMakeTmp/CMAKE_TRY_COMPILE.xcodeproj
    /Applications/Xcode.app/Contents/Developer/Toolchains/XcodeDefault.xctoolchain/usr/bin/clang-stat-cache /Applications/Xcode.app/Contents/Developer/Platforms/MacOSX.platform/Developer/SDKs/MacOSX14.2.sdk -o /var/folders/x5/smn11rt108jfspkvy3k6yl880000gn/C/com.apple.DeveloperTools/15.2-15C500b/Xcode/SDKStatCaches.noindex/macosx14.2-23C53-df0db8920d7ae99241a1bc0f08d2dced.sdkstatcache

CreateBuildDirectory /Users/abhishekshivakumar/gamedev/shadow/Example/SpriteSheet/xbuild/CMakeFiles/CMakeTmp/Debug
    cd /Users/abhishekshivakumar/gamedev/shadow/Example/SpriteSheet/xbuild/CMakeFiles/CMakeTmp/CMAKE_TRY_COMPILE.xcodeproj
    builtin-create-build-directory /Users/abhishekshivakumar/gamedev/shadow/Example/SpriteSheet/xbuild/CMakeFiles/CMakeTmp/Debug

CreateBuildDirectory /Users/abhishekshivakumar/gamedev/shadow/Example/SpriteSheet/xbuild/CMakeFiles/CMakeTmp/EagerLinkingTBDs/Debug
    cd /Users/abhishekshivakumar/gamedev/shadow/Example/SpriteSheet/xbuild/CMakeFiles/CMakeTmp/CMAKE_TRY_COMPILE.xcodeproj
    builtin-create-build-directory /Users/abhishekshivakumar/gamedev/shadow/Example/SpriteSheet/xbuild/CMakeFiles/CMakeTmp/EagerLinkingTBDs/Debug

WriteAuxiliaryFile /Users/abhishekshivakumar/gamedev/shadow/Example/SpriteSheet/xbuild/CMakeFiles/CMakeTmp/CMAKE_TRY_COMPILE.build/Debug/cmTC_007fe.build/Objects-normal/arm64/cmTC_007fe.LinkFileList (in target 'cmTC_007fe' from project 'CMAKE_TRY_COMPILE')
    cd /Users/abhishekshivakumar/gamedev/shadow/Example/SpriteSheet/xbuild/CMakeFiles/CMakeTmp
    write-file /Users/abhishekshivakumar/gamedev/shadow/Example/SpriteSheet/xbuild/CMakeFiles/CMakeTmp/CMAKE_TRY_COMPILE.build/Debug/cmTC_007fe.build/Objects-normal/arm64/cmTC_007fe.LinkFileList

CompileC /Users/abhishekshivakumar/gamedev/shadow/Example/SpriteSheet/xbuild/CMakeFiles/CMakeTmp/CMAKE_TRY_COMPILE.build/Debug/cmTC_007fe.build/Objects-normal/arm64/CheckSymbolExists.o /Users/abhishekshivakumar/gamedev/shadow/Example/SpriteSheet/xbuild/CMakeFiles/CMakeTmp/CheckSymbolExists.c normal arm64 c com.apple.compilers.llvm.clang.1_0.compiler (in target 'cmTC_007fe' from project 'CMAKE_TRY_COMPILE')
    cd /Users/abhishekshivakumar/gamedev/shadow/Example/SpriteSheet/xbuild/CMakeFiles/CMakeTmp
    /Applications/Xcode.app/Contents/Developer/Toolchains/XcodeDefault.xctoolchain/usr/bin/clang -x c -ivfsstatcache /var/folders/x5/smn11rt108jfspkvy3k6yl880000gn/C/com.apple.DeveloperTools/15.2-15C500b/Xcode/SDKStatCaches.noindex/macosx14.2-23C53-df0db8920d7ae99241a1bc0f08d2dced.sdkstatcache -target arm64-apple-macos14.2 -fmessage-length\=0 -fdiagnostics-show-note-include-stack -fmacro-backtrace-limit\=0 -fno-color-diagnostics -Wno-trigraphs -fpascal-strings -O0 -Wno-missing-field-initializers -Wno-missing-prototypes -Wno-return-type -Wno-missing-braces -Wparentheses -Wswitch -Wno-unused-function -Wno-unused-label -Wno-unused-parameter -Wno-unused-variable -Wunused-value -Wno-empty-body -Wno-uninitialized -Wno-unknown-pragmas -Wno-shadow -Wno-four-char-constants -Wno-conversion -Wno-constant-conversion -Wno-int-conversion -Wno-bool-conversion -Wno-enum-conversion -Wno-float-conversion -Wno-non-literal-null-conversion -Wno-objc-literal-conversion -Wshorten-64-to-32 -Wpointer-sign -Wno-newline-eof -Wno-implicit-fallthrough -DCMAKE_INTDIR\=\"Debug\" -isysroot /Applications/Xcode.app/Contents/Developer/Platforms/MacOSX.platform/Developer/SDKs/MacOSX14.2.sdk -fstrict-aliasing -Wdeprecated-declarations -g -Wno-sign-conversion -Wno-infinite-recursion -Wno-comma -Wno-block-capture-autoreleasing -Wno-strict-prototypes -Wno-semicolon-before-method-body -I/Users/abhishekshivakumar/gamedev/shadow/Example/SpriteSheet/xbuild/CMakeFiles/CMakeTmp/Debug/include -I/Users/abhishekshivakumar/gamedev/shadow/Example/SpriteSheet/xbuild/CMakeFiles/CMakeTmp/CMAKE_TRY_COMPILE.build/Debug/cmTC_007fe.build/DerivedSources-normal/arm64 -I/Users/abhishekshivakumar/gamedev/shadow/Example/SpriteSheet/xbuild/CMakeFiles/CMakeTmp/CMAKE_TRY_COMPILE.build/Debug/cmTC_007fe.build/DerivedSources/arm64 -I/Users/abhishekshivakumar/gamedev/shadow/Example/SpriteSheet/xbuild/CMakeFiles/CMakeTmp/CMAKE_TRY_COMPILE.build/Debug/cmTC_007fe.build/DerivedSources -F/Users/abhishekshivakumar/gamedev/shadow/Example/SpriteSheet/xbuild/CMakeFiles/CMakeTmp/Debug -idirafter /Users/abhishekshivakumar/gamedev/shadow/Engine/dependencies/SDL/src/video/khronos -D_GNU_SOURCE\=1 -MMD -MT dependencies -MF /Users/abhishekshivakumar/gamedev/shadow/Example/SpriteSheet/xbuild/CMakeFiles/CMakeTmp/CMAKE_TRY_COMPILE.build/Debug/cmTC_007fe.build/Objects-normal/arm64/CheckSymbolExists.d --serialize-diagnostics /Users/abhishekshivakumar/gamedev/shadow/Example/SpriteSheet/xbuild/CMakeFiles/CMakeTmp/CMAKE_TRY_COMPILE.build/Debug/cmTC_007fe.build/Objects-normal/arm64/CheckSymbolExists.dia -c /Users/abhishekshivakumar/gamedev/shadow/Example/SpriteSheet/xbuild/CMakeFiles/CMakeTmp/CheckSymbolExists.c -o /Users/abhishekshivakumar/gamedev/shadow/Example/SpriteSheet/xbuild/CMakeFiles/CMakeTmp/CMAKE_TRY_COMPILE.build/Debug/cmTC_007fe.build/Objects-normal/arm64/CheckSymbolExists.o
/Users/abhishekshivakumar/gamedev/shadow/Example/SpriteSheet/xbuild/CMakeFiles/CMakeTmp/CheckSymbolExists.c:14:19: error: use of undeclared identifier '_uitoa'
  return ((int*)(&_uitoa))[argc];
                  ^
1 error generated.

** BUILD FAILED **


The following build commands failed:
	CompileC /Users/abhishekshivakumar/gamedev/shadow/Example/SpriteSheet/xbuild/CMakeFiles/CMakeTmp/CMAKE_TRY_COMPILE.build/Debug/cmTC_007fe.build/Objects-normal/arm64/CheckSymbolExists.o /Users/abhishekshivakumar/gamedev/shadow/Example/SpriteSheet/xbuild/CMakeFiles/CMakeTmp/CheckSymbolExists.c normal arm64 c com.apple.compilers.llvm.clang.1_0.compiler (in target 'cmTC_007fe' from project 'CMAKE_TRY_COMPILE')
(1 failure)


File /Users/abhishekshivakumar/gamedev/shadow/Example/SpriteSheet/xbuild/CMakeFiles/CMakeTmp/CheckSymbolExists.c:
/* */
#include <stddef.h>
#include <stdarg.h>
#include <stdlib.h>
#include <string.h>
#include <stdio.h>
#include <wchar.h>
#include <float.h>

int main(int argc, char** argv)
{
  (void)argv;
#ifndef _uitoa
  return ((int*)(&_uitoa))[argc];
#else
  (void)argc;
  return 0;
#endif
}
Determining if the _ultoa exist failed with the following output:
Change Dir: /Users/abhishekshivakumar/gamedev/shadow/Example/SpriteSheet/xbuild/CMakeFiles/CMakeTmp

Run Build Command(s):/usr/bin/xcodebuild -project CMAKE_TRY_COMPILE.xcodeproj build -target cmTC_dd74b -parallelizeTargets -configuration Debug -hideShellScriptEnvironment && Command line invocation:
    /Applications/Xcode.app/Contents/Developer/usr/bin/xcodebuild -project CMAKE_TRY_COMPILE.xcodeproj build -target cmTC_dd74b -parallelizeTargets -configuration Debug -hideShellScriptEnvironment

User defaults from command line:
    HideShellScriptEnvironment = YES
    IDEPackageSupportUseBuiltinSCM = YES

ComputeTargetDependencyGraph
note: Building targets in dependency order
note: Target dependency graph (1 target)
    Target 'cmTC_dd74b' in project 'CMAKE_TRY_COMPILE' (no dependencies)

GatherProvisioningInputs

CreateBuildDescription
Build description signature: 3eeb4118efb5cee710e03d326a706ee2
Build description path: /Users/abhishekshivakumar/gamedev/shadow/Example/SpriteSheet/xbuild/CMakeFiles/CMakeTmp/build/XCBuildData/3eeb4118efb5cee710e03d326a706ee2.xcbuilddata

CreateBuildDirectory /Users/abhishekshivakumar/gamedev/shadow/Example/SpriteSheet/xbuild/CMakeFiles/CMakeTmp
    cd /Users/abhishekshivakumar/gamedev/shadow/Example/SpriteSheet/xbuild/CMakeFiles/CMakeTmp/CMAKE_TRY_COMPILE.xcodeproj
    builtin-create-build-directory /Users/abhishekshivakumar/gamedev/shadow/Example/SpriteSheet/xbuild/CMakeFiles/CMakeTmp

ClangStatCache /Applications/Xcode.app/Contents/Developer/Toolchains/XcodeDefault.xctoolchain/usr/bin/clang-stat-cache /Applications/Xcode.app/Contents/Developer/Platforms/MacOSX.platform/Developer/SDKs/MacOSX14.2.sdk /var/folders/x5/smn11rt108jfspkvy3k6yl880000gn/C/com.apple.DeveloperTools/15.2-15C500b/Xcode/SDKStatCaches.noindex/macosx14.2-23C53-df0db8920d7ae99241a1bc0f08d2dced.sdkstatcache
    cd /Users/abhishekshivakumar/gamedev/shadow/Example/SpriteSheet/xbuild/CMakeFiles/CMakeTmp/CMAKE_TRY_COMPILE.xcodeproj
    /Applications/Xcode.app/Contents/Developer/Toolchains/XcodeDefault.xctoolchain/usr/bin/clang-stat-cache /Applications/Xcode.app/Contents/Developer/Platforms/MacOSX.platform/Developer/SDKs/MacOSX14.2.sdk -o /var/folders/x5/smn11rt108jfspkvy3k6yl880000gn/C/com.apple.DeveloperTools/15.2-15C500b/Xcode/SDKStatCaches.noindex/macosx14.2-23C53-df0db8920d7ae99241a1bc0f08d2dced.sdkstatcache

CreateBuildDirectory /Users/abhishekshivakumar/gamedev/shadow/Example/SpriteSheet/xbuild/CMakeFiles/CMakeTmp/Debug
    cd /Users/abhishekshivakumar/gamedev/shadow/Example/SpriteSheet/xbuild/CMakeFiles/CMakeTmp/CMAKE_TRY_COMPILE.xcodeproj
    builtin-create-build-directory /Users/abhishekshivakumar/gamedev/shadow/Example/SpriteSheet/xbuild/CMakeFiles/CMakeTmp/Debug

CreateBuildDirectory /Users/abhishekshivakumar/gamedev/shadow/Example/SpriteSheet/xbuild/CMakeFiles/CMakeTmp/EagerLinkingTBDs/Debug
    cd /Users/abhishekshivakumar/gamedev/shadow/Example/SpriteSheet/xbuild/CMakeFiles/CMakeTmp/CMAKE_TRY_COMPILE.xcodeproj
    builtin-create-build-directory /Users/abhishekshivakumar/gamedev/shadow/Example/SpriteSheet/xbuild/CMakeFiles/CMakeTmp/EagerLinkingTBDs/Debug

WriteAuxiliaryFile /Users/abhishekshivakumar/gamedev/shadow/Example/SpriteSheet/xbuild/CMakeFiles/CMakeTmp/CMAKE_TRY_COMPILE.build/Debug/cmTC_dd74b.build/Objects-normal/arm64/cmTC_dd74b.LinkFileList (in target 'cmTC_dd74b' from project 'CMAKE_TRY_COMPILE')
    cd /Users/abhishekshivakumar/gamedev/shadow/Example/SpriteSheet/xbuild/CMakeFiles/CMakeTmp
    write-file /Users/abhishekshivakumar/gamedev/shadow/Example/SpriteSheet/xbuild/CMakeFiles/CMakeTmp/CMAKE_TRY_COMPILE.build/Debug/cmTC_dd74b.build/Objects-normal/arm64/cmTC_dd74b.LinkFileList

CompileC /Users/abhishekshivakumar/gamedev/shadow/Example/SpriteSheet/xbuild/CMakeFiles/CMakeTmp/CMAKE_TRY_COMPILE.build/Debug/cmTC_dd74b.build/Objects-normal/arm64/CheckSymbolExists.o /Users/abhishekshivakumar/gamedev/shadow/Example/SpriteSheet/xbuild/CMakeFiles/CMakeTmp/CheckSymbolExists.c normal arm64 c com.apple.compilers.llvm.clang.1_0.compiler (in target 'cmTC_dd74b' from project 'CMAKE_TRY_COMPILE')
    cd /Users/abhishekshivakumar/gamedev/shadow/Example/SpriteSheet/xbuild/CMakeFiles/CMakeTmp
    /Applications/Xcode.app/Contents/Developer/Toolchains/XcodeDefault.xctoolchain/usr/bin/clang -x c -ivfsstatcache /var/folders/x5/smn11rt108jfspkvy3k6yl880000gn/C/com.apple.DeveloperTools/15.2-15C500b/Xcode/SDKStatCaches.noindex/macosx14.2-23C53-df0db8920d7ae99241a1bc0f08d2dced.sdkstatcache -target arm64-apple-macos14.2 -fmessage-length\=0 -fdiagnostics-show-note-include-stack -fmacro-backtrace-limit\=0 -fno-color-diagnostics -Wno-trigraphs -fpascal-strings -O0 -Wno-missing-field-initializers -Wno-missing-prototypes -Wno-return-type -Wno-missing-braces -Wparentheses -Wswitch -Wno-unused-function -Wno-unused-label -Wno-unused-parameter -Wno-unused-variable -Wunused-value -Wno-empty-body -Wno-uninitialized -Wno-unknown-pragmas -Wno-shadow -Wno-four-char-constants -Wno-conversion -Wno-constant-conversion -Wno-int-conversion -Wno-bool-conversion -Wno-enum-conversion -Wno-float-conversion -Wno-non-literal-null-conversion -Wno-objc-literal-conversion -Wshorten-64-to-32 -Wpointer-sign -Wno-newline-eof -Wno-implicit-fallthrough -DCMAKE_INTDIR\=\"Debug\" -isysroot /Applications/Xcode.app/Contents/Developer/Platforms/MacOSX.platform/Developer/SDKs/MacOSX14.2.sdk -fstrict-aliasing -Wdeprecated-declarations -g -Wno-sign-conversion -Wno-infinite-recursion -Wno-comma -Wno-block-capture-autoreleasing -Wno-strict-prototypes -Wno-semicolon-before-method-body -I/Users/abhishekshivakumar/gamedev/shadow/Example/SpriteSheet/xbuild/CMakeFiles/CMakeTmp/Debug/include -I/Users/abhishekshivakumar/gamedev/shadow/Example/SpriteSheet/xbuild/CMakeFiles/CMakeTmp/CMAKE_TRY_COMPILE.build/Debug/cmTC_dd74b.build/DerivedSources-normal/arm64 -I/Users/abhishekshivakumar/gamedev/shadow/Example/SpriteSheet/xbuild/CMakeFiles/CMakeTmp/CMAKE_TRY_COMPILE.build/Debug/cmTC_dd74b.build/DerivedSources/arm64 -I/Users/abhishekshivakumar/gamedev/shadow/Example/SpriteSheet/xbuild/CMakeFiles/CMakeTmp/CMAKE_TRY_COMPILE.build/Debug/cmTC_dd74b.build/DerivedSources -F/Users/abhishekshivakumar/gamedev/shadow/Example/SpriteSheet/xbuild/CMakeFiles/CMakeTmp/Debug -idirafter /Users/abhishekshivakumar/gamedev/shadow/Engine/dependencies/SDL/src/video/khronos -D_GNU_SOURCE\=1 -MMD -MT dependencies -MF /Users/abhishekshivakumar/gamedev/shadow/Example/SpriteSheet/xbuild/CMakeFiles/CMakeTmp/CMAKE_TRY_COMPILE.build/Debug/cmTC_dd74b.build/Objects-normal/arm64/CheckSymbolExists.d --serialize-diagnostics /Users/abhishekshivakumar/gamedev/shadow/Example/SpriteSheet/xbuild/CMakeFiles/CMakeTmp/CMAKE_TRY_COMPILE.build/Debug/cmTC_dd74b.build/Objects-normal/arm64/CheckSymbolExists.dia -c /Users/abhishekshivakumar/gamedev/shadow/Example/SpriteSheet/xbuild/CMakeFiles/CMakeTmp/CheckSymbolExists.c -o /Users/abhishekshivakumar/gamedev/shadow/Example/SpriteSheet/xbuild/CMakeFiles/CMakeTmp/CMAKE_TRY_COMPILE.build/Debug/cmTC_dd74b.build/Objects-normal/arm64/CheckSymbolExists.o
/Users/abhishekshivakumar/gamedev/shadow/Example/SpriteSheet/xbuild/CMakeFiles/CMakeTmp/CheckSymbolExists.c:14:19: error: use of undeclared identifier '_ultoa'
  return ((int*)(&_ultoa))[argc];
                  ^
1 error generated.

** BUILD FAILED **


The following build commands failed:
	CompileC /Users/abhishekshivakumar/gamedev/shadow/Example/SpriteSheet/xbuild/CMakeFiles/CMakeTmp/CMAKE_TRY_COMPILE.build/Debug/cmTC_dd74b.build/Objects-normal/arm64/CheckSymbolExists.o /Users/abhishekshivakumar/gamedev/shadow/Example/SpriteSheet/xbuild/CMakeFiles/CMakeTmp/CheckSymbolExists.c normal arm64 c com.apple.compilers.llvm.clang.1_0.compiler (in target 'cmTC_dd74b' from project 'CMAKE_TRY_COMPILE')
(1 failure)


File /Users/abhishekshivakumar/gamedev/shadow/Example/SpriteSheet/xbuild/CMakeFiles/CMakeTmp/CheckSymbolExists.c:
/* */
#include <stddef.h>
#include <stdarg.h>
#include <stdlib.h>
#include <string.h>
#include <stdio.h>
#include <wchar.h>
#include <float.h>

int main(int argc, char** argv)
{
  (void)argv;
#ifndef _ultoa
  return ((int*)(&_ultoa))[argc];
#else
  (void)argc;
  return 0;
#endif
}
Determining if the _i64toa exist failed with the following output:
Change Dir: /Users/abhishekshivakumar/gamedev/shadow/Example/SpriteSheet/xbuild/CMakeFiles/CMakeTmp

Run Build Command(s):/usr/bin/xcodebuild -project CMAKE_TRY_COMPILE.xcodeproj build -target cmTC_2e38f -parallelizeTargets -configuration Debug -hideShellScriptEnvironment && Command line invocation:
    /Applications/Xcode.app/Contents/Developer/usr/bin/xcodebuild -project CMAKE_TRY_COMPILE.xcodeproj build -target cmTC_2e38f -parallelizeTargets -configuration Debug -hideShellScriptEnvironment

User defaults from command line:
    HideShellScriptEnvironment = YES
    IDEPackageSupportUseBuiltinSCM = YES

ComputeTargetDependencyGraph
note: Building targets in dependency order
note: Target dependency graph (1 target)
    Target 'cmTC_2e38f' in project 'CMAKE_TRY_COMPILE' (no dependencies)

GatherProvisioningInputs

CreateBuildDescription
Build description signature: 5a2822f7551e6097b8f0cf72353905ff
Build description path: /Users/abhishekshivakumar/gamedev/shadow/Example/SpriteSheet/xbuild/CMakeFiles/CMakeTmp/build/XCBuildData/5a2822f7551e6097b8f0cf72353905ff.xcbuilddata

CreateBuildDirectory /Users/abhishekshivakumar/gamedev/shadow/Example/SpriteSheet/xbuild/CMakeFiles/CMakeTmp
    cd /Users/abhishekshivakumar/gamedev/shadow/Example/SpriteSheet/xbuild/CMakeFiles/CMakeTmp/CMAKE_TRY_COMPILE.xcodeproj
    builtin-create-build-directory /Users/abhishekshivakumar/gamedev/shadow/Example/SpriteSheet/xbuild/CMakeFiles/CMakeTmp

ClangStatCache /Applications/Xcode.app/Contents/Developer/Toolchains/XcodeDefault.xctoolchain/usr/bin/clang-stat-cache /Applications/Xcode.app/Contents/Developer/Platforms/MacOSX.platform/Developer/SDKs/MacOSX14.2.sdk /var/folders/x5/smn11rt108jfspkvy3k6yl880000gn/C/com.apple.DeveloperTools/15.2-15C500b/Xcode/SDKStatCaches.noindex/macosx14.2-23C53-df0db8920d7ae99241a1bc0f08d2dced.sdkstatcache
    cd /Users/abhishekshivakumar/gamedev/shadow/Example/SpriteSheet/xbuild/CMakeFiles/CMakeTmp/CMAKE_TRY_COMPILE.xcodeproj
    /Applications/Xcode.app/Contents/Developer/Toolchains/XcodeDefault.xctoolchain/usr/bin/clang-stat-cache /Applications/Xcode.app/Contents/Developer/Platforms/MacOSX.platform/Developer/SDKs/MacOSX14.2.sdk -o /var/folders/x5/smn11rt108jfspkvy3k6yl880000gn/C/com.apple.DeveloperTools/15.2-15C500b/Xcode/SDKStatCaches.noindex/macosx14.2-23C53-df0db8920d7ae99241a1bc0f08d2dced.sdkstatcache

CreateBuildDirectory /Users/abhishekshivakumar/gamedev/shadow/Example/SpriteSheet/xbuild/CMakeFiles/CMakeTmp/Debug
    cd /Users/abhishekshivakumar/gamedev/shadow/Example/SpriteSheet/xbuild/CMakeFiles/CMakeTmp/CMAKE_TRY_COMPILE.xcodeproj
    builtin-create-build-directory /Users/abhishekshivakumar/gamedev/shadow/Example/SpriteSheet/xbuild/CMakeFiles/CMakeTmp/Debug

CreateBuildDirectory /Users/abhishekshivakumar/gamedev/shadow/Example/SpriteSheet/xbuild/CMakeFiles/CMakeTmp/EagerLinkingTBDs/Debug
    cd /Users/abhishekshivakumar/gamedev/shadow/Example/SpriteSheet/xbuild/CMakeFiles/CMakeTmp/CMAKE_TRY_COMPILE.xcodeproj
    builtin-create-build-directory /Users/abhishekshivakumar/gamedev/shadow/Example/SpriteSheet/xbuild/CMakeFiles/CMakeTmp/EagerLinkingTBDs/Debug

WriteAuxiliaryFile /Users/abhishekshivakumar/gamedev/shadow/Example/SpriteSheet/xbuild/CMakeFiles/CMakeTmp/CMAKE_TRY_COMPILE.build/Debug/cmTC_2e38f.build/Objects-normal/arm64/cmTC_2e38f.LinkFileList (in target 'cmTC_2e38f' from project 'CMAKE_TRY_COMPILE')
    cd /Users/abhishekshivakumar/gamedev/shadow/Example/SpriteSheet/xbuild/CMakeFiles/CMakeTmp
    write-file /Users/abhishekshivakumar/gamedev/shadow/Example/SpriteSheet/xbuild/CMakeFiles/CMakeTmp/CMAKE_TRY_COMPILE.build/Debug/cmTC_2e38f.build/Objects-normal/arm64/cmTC_2e38f.LinkFileList

CompileC /Users/abhishekshivakumar/gamedev/shadow/Example/SpriteSheet/xbuild/CMakeFiles/CMakeTmp/CMAKE_TRY_COMPILE.build/Debug/cmTC_2e38f.build/Objects-normal/arm64/CheckSymbolExists.o /Users/abhishekshivakumar/gamedev/shadow/Example/SpriteSheet/xbuild/CMakeFiles/CMakeTmp/CheckSymbolExists.c normal arm64 c com.apple.compilers.llvm.clang.1_0.compiler (in target 'cmTC_2e38f' from project 'CMAKE_TRY_COMPILE')
    cd /Users/abhishekshivakumar/gamedev/shadow/Example/SpriteSheet/xbuild/CMakeFiles/CMakeTmp
    /Applications/Xcode.app/Contents/Developer/Toolchains/XcodeDefault.xctoolchain/usr/bin/clang -x c -ivfsstatcache /var/folders/x5/smn11rt108jfspkvy3k6yl880000gn/C/com.apple.DeveloperTools/15.2-15C500b/Xcode/SDKStatCaches.noindex/macosx14.2-23C53-df0db8920d7ae99241a1bc0f08d2dced.sdkstatcache -target arm64-apple-macos14.2 -fmessage-length\=0 -fdiagnostics-show-note-include-stack -fmacro-backtrace-limit\=0 -fno-color-diagnostics -Wno-trigraphs -fpascal-strings -O0 -Wno-missing-field-initializers -Wno-missing-prototypes -Wno-return-type -Wno-missing-braces -Wparentheses -Wswitch -Wno-unused-function -Wno-unused-label -Wno-unused-parameter -Wno-unused-variable -Wunused-value -Wno-empty-body -Wno-uninitialized -Wno-unknown-pragmas -Wno-shadow -Wno-four-char-constants -Wno-conversion -Wno-constant-conversion -Wno-int-conversion -Wno-bool-conversion -Wno-enum-conversion -Wno-float-conversion -Wno-non-literal-null-conversion -Wno-objc-literal-conversion -Wshorten-64-to-32 -Wpointer-sign -Wno-newline-eof -Wno-implicit-fallthrough -DCMAKE_INTDIR\=\"Debug\" -isysroot /Applications/Xcode.app/Contents/Developer/Platforms/MacOSX.platform/Developer/SDKs/MacOSX14.2.sdk -fstrict-aliasing -Wdeprecated-declarations -g -Wno-sign-conversion -Wno-infinite-recursion -Wno-comma -Wno-block-capture-autoreleasing -Wno-strict-prototypes -Wno-semicolon-before-method-body -I/Users/abhishekshivakumar/gamedev/shadow/Example/SpriteSheet/xbuild/CMakeFiles/CMakeTmp/Debug/include -I/Users/abhishekshivakumar/gamedev/shadow/Example/SpriteSheet/xbuild/CMakeFiles/CMakeTmp/CMAKE_TRY_COMPILE.build/Debug/cmTC_2e38f.build/DerivedSources-normal/arm64 -I/Users/abhishekshivakumar/gamedev/shadow/Example/SpriteSheet/xbuild/CMakeFiles/CMakeTmp/CMAKE_TRY_COMPILE.build/Debug/cmTC_2e38f.build/DerivedSources/arm64 -I/Users/abhishekshivakumar/gamedev/shadow/Example/SpriteSheet/xbuild/CMakeFiles/CMakeTmp/CMAKE_TRY_COMPILE.build/Debug/cmTC_2e38f.build/DerivedSources -F/Users/abhishekshivakumar/gamedev/shadow/Example/SpriteSheet/xbuild/CMakeFiles/CMakeTmp/Debug -idirafter /Users/abhishekshivakumar/gamedev/shadow/Engine/dependencies/SDL/src/video/khronos -D_GNU_SOURCE\=1 -MMD -MT dependencies -MF /Users/abhishekshivakumar/gamedev/shadow/Example/SpriteSheet/xbuild/CMakeFiles/CMakeTmp/CMAKE_TRY_COMPILE.build/Debug/cmTC_2e38f.build/Objects-normal/arm64/CheckSymbolExists.d --serialize-diagnostics /Users/abhishekshivakumar/gamedev/shadow/Example/SpriteSheet/xbuild/CMakeFiles/CMakeTmp/CMAKE_TRY_COMPILE.build/Debug/cmTC_2e38f.build/Objects-normal/arm64/CheckSymbolExists.dia -c /Users/abhishekshivakumar/gamedev/shadow/Example/SpriteSheet/xbuild/CMakeFiles/CMakeTmp/CheckSymbolExists.c -o /Users/abhishekshivakumar/gamedev/shadow/Example/SpriteSheet/xbuild/CMakeFiles/CMakeTmp/CMAKE_TRY_COMPILE.build/Debug/cmTC_2e38f.build/Objects-normal/arm64/CheckSymbolExists.o
/Users/abhishekshivakumar/gamedev/shadow/Example/SpriteSheet/xbuild/CMakeFiles/CMakeTmp/CheckSymbolExists.c:14:19: error: use of undeclared identifier '_i64toa'
  return ((int*)(&_i64toa))[argc];
                  ^
1 error generated.

** BUILD FAILED **


The following build commands failed:
	CompileC /Users/abhishekshivakumar/gamedev/shadow/Example/SpriteSheet/xbuild/CMakeFiles/CMakeTmp/CMAKE_TRY_COMPILE.build/Debug/cmTC_2e38f.build/Objects-normal/arm64/CheckSymbolExists.o /Users/abhishekshivakumar/gamedev/shadow/Example/SpriteSheet/xbuild/CMakeFiles/CMakeTmp/CheckSymbolExists.c normal arm64 c com.apple.compilers.llvm.clang.1_0.compiler (in target 'cmTC_2e38f' from project 'CMAKE_TRY_COMPILE')
(1 failure)


File /Users/abhishekshivakumar/gamedev/shadow/Example/SpriteSheet/xbuild/CMakeFiles/CMakeTmp/CheckSymbolExists.c:
/* */
#include <stddef.h>
#include <stdarg.h>
#include <stdlib.h>
#include <string.h>
#include <stdio.h>
#include <wchar.h>
#include <float.h>

int main(int argc, char** argv)
{
  (void)argv;
#ifndef _i64toa
  return ((int*)(&_i64toa))[argc];
#else
  (void)argc;
  return 0;
#endif
}
Determining if the _ui64toa exist failed with the following output:
Change Dir: /Users/abhishekshivakumar/gamedev/shadow/Example/SpriteSheet/xbuild/CMakeFiles/CMakeTmp

Run Build Command(s):/usr/bin/xcodebuild -project CMAKE_TRY_COMPILE.xcodeproj build -target cmTC_c0fb6 -parallelizeTargets -configuration Debug -hideShellScriptEnvironment && Command line invocation:
    /Applications/Xcode.app/Contents/Developer/usr/bin/xcodebuild -project CMAKE_TRY_COMPILE.xcodeproj build -target cmTC_c0fb6 -parallelizeTargets -configuration Debug -hideShellScriptEnvironment

User defaults from command line:
    HideShellScriptEnvironment = YES
    IDEPackageSupportUseBuiltinSCM = YES

ComputeTargetDependencyGraph
note: Building targets in dependency order
note: Target dependency graph (1 target)
    Target 'cmTC_c0fb6' in project 'CMAKE_TRY_COMPILE' (no dependencies)

GatherProvisioningInputs

CreateBuildDescription
Build description signature: 949891a44271ec4db78d9fc959f3482d
Build description path: /Users/abhishekshivakumar/gamedev/shadow/Example/SpriteSheet/xbuild/CMakeFiles/CMakeTmp/build/XCBuildData/949891a44271ec4db78d9fc959f3482d.xcbuilddata

CreateBuildDirectory /Users/abhishekshivakumar/gamedev/shadow/Example/SpriteSheet/xbuild/CMakeFiles/CMakeTmp
    cd /Users/abhishekshivakumar/gamedev/shadow/Example/SpriteSheet/xbuild/CMakeFiles/CMakeTmp/CMAKE_TRY_COMPILE.xcodeproj
    builtin-create-build-directory /Users/abhishekshivakumar/gamedev/shadow/Example/SpriteSheet/xbuild/CMakeFiles/CMakeTmp

ClangStatCache /Applications/Xcode.app/Contents/Developer/Toolchains/XcodeDefault.xctoolchain/usr/bin/clang-stat-cache /Applications/Xcode.app/Contents/Developer/Platforms/MacOSX.platform/Developer/SDKs/MacOSX14.2.sdk /var/folders/x5/smn11rt108jfspkvy3k6yl880000gn/C/com.apple.DeveloperTools/15.2-15C500b/Xcode/SDKStatCaches.noindex/macosx14.2-23C53-df0db8920d7ae99241a1bc0f08d2dced.sdkstatcache
    cd /Users/abhishekshivakumar/gamedev/shadow/Example/SpriteSheet/xbuild/CMakeFiles/CMakeTmp/CMAKE_TRY_COMPILE.xcodeproj
    /Applications/Xcode.app/Contents/Developer/Toolchains/XcodeDefault.xctoolchain/usr/bin/clang-stat-cache /Applications/Xcode.app/Contents/Developer/Platforms/MacOSX.platform/Developer/SDKs/MacOSX14.2.sdk -o /var/folders/x5/smn11rt108jfspkvy3k6yl880000gn/C/com.apple.DeveloperTools/15.2-15C500b/Xcode/SDKStatCaches.noindex/macosx14.2-23C53-df0db8920d7ae99241a1bc0f08d2dced.sdkstatcache

CreateBuildDirectory /Users/abhishekshivakumar/gamedev/shadow/Example/SpriteSheet/xbuild/CMakeFiles/CMakeTmp/Debug
    cd /Users/abhishekshivakumar/gamedev/shadow/Example/SpriteSheet/xbuild/CMakeFiles/CMakeTmp/CMAKE_TRY_COMPILE.xcodeproj
    builtin-create-build-directory /Users/abhishekshivakumar/gamedev/shadow/Example/SpriteSheet/xbuild/CMakeFiles/CMakeTmp/Debug

CreateBuildDirectory /Users/abhishekshivakumar/gamedev/shadow/Example/SpriteSheet/xbuild/CMakeFiles/CMakeTmp/EagerLinkingTBDs/Debug
    cd /Users/abhishekshivakumar/gamedev/shadow/Example/SpriteSheet/xbuild/CMakeFiles/CMakeTmp/CMAKE_TRY_COMPILE.xcodeproj
    builtin-create-build-directory /Users/abhishekshivakumar/gamedev/shadow/Example/SpriteSheet/xbuild/CMakeFiles/CMakeTmp/EagerLinkingTBDs/Debug

WriteAuxiliaryFile /Users/abhishekshivakumar/gamedev/shadow/Example/SpriteSheet/xbuild/CMakeFiles/CMakeTmp/CMAKE_TRY_COMPILE.build/Debug/cmTC_c0fb6.build/Objects-normal/arm64/cmTC_c0fb6.LinkFileList (in target 'cmTC_c0fb6' from project 'CMAKE_TRY_COMPILE')
    cd /Users/abhishekshivakumar/gamedev/shadow/Example/SpriteSheet/xbuild/CMakeFiles/CMakeTmp
    write-file /Users/abhishekshivakumar/gamedev/shadow/Example/SpriteSheet/xbuild/CMakeFiles/CMakeTmp/CMAKE_TRY_COMPILE.build/Debug/cmTC_c0fb6.build/Objects-normal/arm64/cmTC_c0fb6.LinkFileList

CompileC /Users/abhishekshivakumar/gamedev/shadow/Example/SpriteSheet/xbuild/CMakeFiles/CMakeTmp/CMAKE_TRY_COMPILE.build/Debug/cmTC_c0fb6.build/Objects-normal/arm64/CheckSymbolExists.o /Users/abhishekshivakumar/gamedev/shadow/Example/SpriteSheet/xbuild/CMakeFiles/CMakeTmp/CheckSymbolExists.c normal arm64 c com.apple.compilers.llvm.clang.1_0.compiler (in target 'cmTC_c0fb6' from project 'CMAKE_TRY_COMPILE')
    cd /Users/abhishekshivakumar/gamedev/shadow/Example/SpriteSheet/xbuild/CMakeFiles/CMakeTmp
    /Applications/Xcode.app/Contents/Developer/Toolchains/XcodeDefault.xctoolchain/usr/bin/clang -x c -ivfsstatcache /var/folders/x5/smn11rt108jfspkvy3k6yl880000gn/C/com.apple.DeveloperTools/15.2-15C500b/Xcode/SDKStatCaches.noindex/macosx14.2-23C53-df0db8920d7ae99241a1bc0f08d2dced.sdkstatcache -target arm64-apple-macos14.2 -fmessage-length\=0 -fdiagnostics-show-note-include-stack -fmacro-backtrace-limit\=0 -fno-color-diagnostics -Wno-trigraphs -fpascal-strings -O0 -Wno-missing-field-initializers -Wno-missing-prototypes -Wno-return-type -Wno-missing-braces -Wparentheses -Wswitch -Wno-unused-function -Wno-unused-label -Wno-unused-parameter -Wno-unused-variable -Wunused-value -Wno-empty-body -Wno-uninitialized -Wno-unknown-pragmas -Wno-shadow -Wno-four-char-constants -Wno-conversion -Wno-constant-conversion -Wno-int-conversion -Wno-bool-conversion -Wno-enum-conversion -Wno-float-conversion -Wno-non-literal-null-conversion -Wno-objc-literal-conversion -Wshorten-64-to-32 -Wpointer-sign -Wno-newline-eof -Wno-implicit-fallthrough -DCMAKE_INTDIR\=\"Debug\" -isysroot /Applications/Xcode.app/Contents/Developer/Platforms/MacOSX.platform/Developer/SDKs/MacOSX14.2.sdk -fstrict-aliasing -Wdeprecated-declarations -g -Wno-sign-conversion -Wno-infinite-recursion -Wno-comma -Wno-block-capture-autoreleasing -Wno-strict-prototypes -Wno-semicolon-before-method-body -I/Users/abhishekshivakumar/gamedev/shadow/Example/SpriteSheet/xbuild/CMakeFiles/CMakeTmp/Debug/include -I/Users/abhishekshivakumar/gamedev/shadow/Example/SpriteSheet/xbuild/CMakeFiles/CMakeTmp/CMAKE_TRY_COMPILE.build/Debug/cmTC_c0fb6.build/DerivedSources-normal/arm64 -I/Users/abhishekshivakumar/gamedev/shadow/Example/SpriteSheet/xbuild/CMakeFiles/CMakeTmp/CMAKE_TRY_COMPILE.build/Debug/cmTC_c0fb6.build/DerivedSources/arm64 -I/Users/abhishekshivakumar/gamedev/shadow/Example/SpriteSheet/xbuild/CMakeFiles/CMakeTmp/CMAKE_TRY_COMPILE.build/Debug/cmTC_c0fb6.build/DerivedSources -F/Users/abhishekshivakumar/gamedev/shadow/Example/SpriteSheet/xbuild/CMakeFiles/CMakeTmp/Debug -idirafter /Users/abhishekshivakumar/gamedev/shadow/Engine/dependencies/SDL/src/video/khronos -D_GNU_SOURCE\=1 -MMD -MT dependencies -MF /Users/abhishekshivakumar/gamedev/shadow/Example/SpriteSheet/xbuild/CMakeFiles/CMakeTmp/CMAKE_TRY_COMPILE.build/Debug/cmTC_c0fb6.build/Objects-normal/arm64/CheckSymbolExists.d --serialize-diagnostics /Users/abhishekshivakumar/gamedev/shadow/Example/SpriteSheet/xbuild/CMakeFiles/CMakeTmp/CMAKE_TRY_COMPILE.build/Debug/cmTC_c0fb6.build/Objects-normal/arm64/CheckSymbolExists.dia -c /Users/abhishekshivakumar/gamedev/shadow/Example/SpriteSheet/xbuild/CMakeFiles/CMakeTmp/CheckSymbolExists.c -o /Users/abhishekshivakumar/gamedev/shadow/Example/SpriteSheet/xbuild/CMakeFiles/CMakeTmp/CMAKE_TRY_COMPILE.build/Debug/cmTC_c0fb6.build/Objects-normal/arm64/CheckSymbolExists.o
/Users/abhishekshivakumar/gamedev/shadow/Example/SpriteSheet/xbuild/CMakeFiles/CMakeTmp/CheckSymbolExists.c:14:19: error: use of undeclared identifier '_ui64toa'
  return ((int*)(&_ui64toa))[argc];
                  ^
1 error generated.

** BUILD FAILED **


The following build commands failed:
	CompileC /Users/abhishekshivakumar/gamedev/shadow/Example/SpriteSheet/xbuild/CMakeFiles/CMakeTmp/CMAKE_TRY_COMPILE.build/Debug/cmTC_c0fb6.build/Objects-normal/arm64/CheckSymbolExists.o /Users/abhishekshivakumar/gamedev/shadow/Example/SpriteSheet/xbuild/CMakeFiles/CMakeTmp/CheckSymbolExists.c normal arm64 c com.apple.compilers.llvm.clang.1_0.compiler (in target 'cmTC_c0fb6' from project 'CMAKE_TRY_COMPILE')
(1 failure)


File /Users/abhishekshivakumar/gamedev/shadow/Example/SpriteSheet/xbuild/CMakeFiles/CMakeTmp/CheckSymbolExists.c:
/* */
#include <stddef.h>
#include <stdarg.h>
#include <stdlib.h>
#include <string.h>
#include <stdio.h>
#include <wchar.h>
#include <float.h>

int main(int argc, char** argv)
{
  (void)argv;
#ifndef _ui64toa
  return ((int*)(&_ui64toa))[argc];
#else
  (void)argc;
  return 0;
#endif
}
Determining if the _stricmp exist failed with the following output:
Change Dir: /Users/abhishekshivakumar/gamedev/shadow/Example/SpriteSheet/xbuild/CMakeFiles/CMakeTmp

Run Build Command(s):/usr/bin/xcodebuild -project CMAKE_TRY_COMPILE.xcodeproj build -target cmTC_2ec00 -parallelizeTargets -configuration Debug -hideShellScriptEnvironment && Command line invocation:
    /Applications/Xcode.app/Contents/Developer/usr/bin/xcodebuild -project CMAKE_TRY_COMPILE.xcodeproj build -target cmTC_2ec00 -parallelizeTargets -configuration Debug -hideShellScriptEnvironment

User defaults from command line:
    HideShellScriptEnvironment = YES
    IDEPackageSupportUseBuiltinSCM = YES

ComputeTargetDependencyGraph
note: Building targets in dependency order
note: Target dependency graph (1 target)
    Target 'cmTC_2ec00' in project 'CMAKE_TRY_COMPILE' (no dependencies)

GatherProvisioningInputs

CreateBuildDescription
Build description signature: e0bb4d3a9b96721df9dc11c05a5cc745
Build description path: /Users/abhishekshivakumar/gamedev/shadow/Example/SpriteSheet/xbuild/CMakeFiles/CMakeTmp/build/XCBuildData/e0bb4d3a9b96721df9dc11c05a5cc745.xcbuilddata

CreateBuildDirectory /Users/abhishekshivakumar/gamedev/shadow/Example/SpriteSheet/xbuild/CMakeFiles/CMakeTmp
    cd /Users/abhishekshivakumar/gamedev/shadow/Example/SpriteSheet/xbuild/CMakeFiles/CMakeTmp/CMAKE_TRY_COMPILE.xcodeproj
    builtin-create-build-directory /Users/abhishekshivakumar/gamedev/shadow/Example/SpriteSheet/xbuild/CMakeFiles/CMakeTmp

ClangStatCache /Applications/Xcode.app/Contents/Developer/Toolchains/XcodeDefault.xctoolchain/usr/bin/clang-stat-cache /Applications/Xcode.app/Contents/Developer/Platforms/MacOSX.platform/Developer/SDKs/MacOSX14.2.sdk /var/folders/x5/smn11rt108jfspkvy3k6yl880000gn/C/com.apple.DeveloperTools/15.2-15C500b/Xcode/SDKStatCaches.noindex/macosx14.2-23C53-df0db8920d7ae99241a1bc0f08d2dced.sdkstatcache
    cd /Users/abhishekshivakumar/gamedev/shadow/Example/SpriteSheet/xbuild/CMakeFiles/CMakeTmp/CMAKE_TRY_COMPILE.xcodeproj
    /Applications/Xcode.app/Contents/Developer/Toolchains/XcodeDefault.xctoolchain/usr/bin/clang-stat-cache /Applications/Xcode.app/Contents/Developer/Platforms/MacOSX.platform/Developer/SDKs/MacOSX14.2.sdk -o /var/folders/x5/smn11rt108jfspkvy3k6yl880000gn/C/com.apple.DeveloperTools/15.2-15C500b/Xcode/SDKStatCaches.noindex/macosx14.2-23C53-df0db8920d7ae99241a1bc0f08d2dced.sdkstatcache

CreateBuildDirectory /Users/abhishekshivakumar/gamedev/shadow/Example/SpriteSheet/xbuild/CMakeFiles/CMakeTmp/Debug
    cd /Users/abhishekshivakumar/gamedev/shadow/Example/SpriteSheet/xbuild/CMakeFiles/CMakeTmp/CMAKE_TRY_COMPILE.xcodeproj
    builtin-create-build-directory /Users/abhishekshivakumar/gamedev/shadow/Example/SpriteSheet/xbuild/CMakeFiles/CMakeTmp/Debug

CreateBuildDirectory /Users/abhishekshivakumar/gamedev/shadow/Example/SpriteSheet/xbuild/CMakeFiles/CMakeTmp/EagerLinkingTBDs/Debug
    cd /Users/abhishekshivakumar/gamedev/shadow/Example/SpriteSheet/xbuild/CMakeFiles/CMakeTmp/CMAKE_TRY_COMPILE.xcodeproj
    builtin-create-build-directory /Users/abhishekshivakumar/gamedev/shadow/Example/SpriteSheet/xbuild/CMakeFiles/CMakeTmp/EagerLinkingTBDs/Debug

WriteAuxiliaryFile /Users/abhishekshivakumar/gamedev/shadow/Example/SpriteSheet/xbuild/CMakeFiles/CMakeTmp/CMAKE_TRY_COMPILE.build/Debug/cmTC_2ec00.build/Objects-normal/arm64/cmTC_2ec00.LinkFileList (in target 'cmTC_2ec00' from project 'CMAKE_TRY_COMPILE')
    cd /Users/abhishekshivakumar/gamedev/shadow/Example/SpriteSheet/xbuild/CMakeFiles/CMakeTmp
    write-file /Users/abhishekshivakumar/gamedev/shadow/Example/SpriteSheet/xbuild/CMakeFiles/CMakeTmp/CMAKE_TRY_COMPILE.build/Debug/cmTC_2ec00.build/Objects-normal/arm64/cmTC_2ec00.LinkFileList

CompileC /Users/abhishekshivakumar/gamedev/shadow/Example/SpriteSheet/xbuild/CMakeFiles/CMakeTmp/CMAKE_TRY_COMPILE.build/Debug/cmTC_2ec00.build/Objects-normal/arm64/CheckSymbolExists.o /Users/abhishekshivakumar/gamedev/shadow/Example/SpriteSheet/xbuild/CMakeFiles/CMakeTmp/CheckSymbolExists.c normal arm64 c com.apple.compilers.llvm.clang.1_0.compiler (in target 'cmTC_2ec00' from project 'CMAKE_TRY_COMPILE')
    cd /Users/abhishekshivakumar/gamedev/shadow/Example/SpriteSheet/xbuild/CMakeFiles/CMakeTmp
    /Applications/Xcode.app/Contents/Developer/Toolchains/XcodeDefault.xctoolchain/usr/bin/clang -x c -ivfsstatcache /var/folders/x5/smn11rt108jfspkvy3k6yl880000gn/C/com.apple.DeveloperTools/15.2-15C500b/Xcode/SDKStatCaches.noindex/macosx14.2-23C53-df0db8920d7ae99241a1bc0f08d2dced.sdkstatcache -target arm64-apple-macos14.2 -fmessage-length\=0 -fdiagnostics-show-note-include-stack -fmacro-backtrace-limit\=0 -fno-color-diagnostics -Wno-trigraphs -fpascal-strings -O0 -Wno-missing-field-initializers -Wno-missing-prototypes -Wno-return-type -Wno-missing-braces -Wparentheses -Wswitch -Wno-unused-function -Wno-unused-label -Wno-unused-parameter -Wno-unused-variable -Wunused-value -Wno-empty-body -Wno-uninitialized -Wno-unknown-pragmas -Wno-shadow -Wno-four-char-constants -Wno-conversion -Wno-constant-conversion -Wno-int-conversion -Wno-bool-conversion -Wno-enum-conversion -Wno-float-conversion -Wno-non-literal-null-conversion -Wno-objc-literal-conversion -Wshorten-64-to-32 -Wpointer-sign -Wno-newline-eof -Wno-implicit-fallthrough -DCMAKE_INTDIR\=\"Debug\" -isysroot /Applications/Xcode.app/Contents/Developer/Platforms/MacOSX.platform/Developer/SDKs/MacOSX14.2.sdk -fstrict-aliasing -Wdeprecated-declarations -g -Wno-sign-conversion -Wno-infinite-recursion -Wno-comma -Wno-block-capture-autoreleasing -Wno-strict-prototypes -Wno-semicolon-before-method-body -I/Users/abhishekshivakumar/gamedev/shadow/Example/SpriteSheet/xbuild/CMakeFiles/CMakeTmp/Debug/include -I/Users/abhishekshivakumar/gamedev/shadow/Example/SpriteSheet/xbuild/CMakeFiles/CMakeTmp/CMAKE_TRY_COMPILE.build/Debug/cmTC_2ec00.build/DerivedSources-normal/arm64 -I/Users/abhishekshivakumar/gamedev/shadow/Example/SpriteSheet/xbuild/CMakeFiles/CMakeTmp/CMAKE_TRY_COMPILE.build/Debug/cmTC_2ec00.build/DerivedSources/arm64 -I/Users/abhishekshivakumar/gamedev/shadow/Example/SpriteSheet/xbuild/CMakeFiles/CMakeTmp/CMAKE_TRY_COMPILE.build/Debug/cmTC_2ec00.build/DerivedSources -F/Users/abhishekshivakumar/gamedev/shadow/Example/SpriteSheet/xbuild/CMakeFiles/CMakeTmp/Debug -idirafter /Users/abhishekshivakumar/gamedev/shadow/Engine/dependencies/SDL/src/video/khronos -D_GNU_SOURCE\=1 -MMD -MT dependencies -MF /Users/abhishekshivakumar/gamedev/shadow/Example/SpriteSheet/xbuild/CMakeFiles/CMakeTmp/CMAKE_TRY_COMPILE.build/Debug/cmTC_2ec00.build/Objects-normal/arm64/CheckSymbolExists.d --serialize-diagnostics /Users/abhishekshivakumar/gamedev/shadow/Example/SpriteSheet/xbuild/CMakeFiles/CMakeTmp/CMAKE_TRY_COMPILE.build/Debug/cmTC_2ec00.build/Objects-normal/arm64/CheckSymbolExists.dia -c /Users/abhishekshivakumar/gamedev/shadow/Example/SpriteSheet/xbuild/CMakeFiles/CMakeTmp/CheckSymbolExists.c -o /Users/abhishekshivakumar/gamedev/shadow/Example/SpriteSheet/xbuild/CMakeFiles/CMakeTmp/CMAKE_TRY_COMPILE.build/Debug/cmTC_2ec00.build/Objects-normal/arm64/CheckSymbolExists.o
/Users/abhishekshivakumar/gamedev/shadow/Example/SpriteSheet/xbuild/CMakeFiles/CMakeTmp/CheckSymbolExists.c:14:19: error: use of undeclared identifier '_stricmp'
  return ((int*)(&_stricmp))[argc];
                  ^
1 error generated.

** BUILD FAILED **


The following build commands failed:
	CompileC /Users/abhishekshivakumar/gamedev/shadow/Example/SpriteSheet/xbuild/CMakeFiles/CMakeTmp/CMAKE_TRY_COMPILE.build/Debug/cmTC_2ec00.build/Objects-normal/arm64/CheckSymbolExists.o /Users/abhishekshivakumar/gamedev/shadow/Example/SpriteSheet/xbuild/CMakeFiles/CMakeTmp/CheckSymbolExists.c normal arm64 c com.apple.compilers.llvm.clang.1_0.compiler (in target 'cmTC_2ec00' from project 'CMAKE_TRY_COMPILE')
(1 failure)


File /Users/abhishekshivakumar/gamedev/shadow/Example/SpriteSheet/xbuild/CMakeFiles/CMakeTmp/CheckSymbolExists.c:
/* */
#include <stddef.h>
#include <stdarg.h>
#include <stdlib.h>
#include <string.h>
#include <stdio.h>
#include <wchar.h>
#include <float.h>

int main(int argc, char** argv)
{
  (void)argv;
#ifndef _stricmp
  return ((int*)(&_stricmp))[argc];
#else
  (void)argc;
  return 0;
#endif
}
Determining if the _strnicmp exist failed with the following output:
Change Dir: /Users/abhishekshivakumar/gamedev/shadow/Example/SpriteSheet/xbuild/CMakeFiles/CMakeTmp

Run Build Command(s):/usr/bin/xcodebuild -project CMAKE_TRY_COMPILE.xcodeproj build -target cmTC_40ab9 -parallelizeTargets -configuration Debug -hideShellScriptEnvironment && Command line invocation:
    /Applications/Xcode.app/Contents/Developer/usr/bin/xcodebuild -project CMAKE_TRY_COMPILE.xcodeproj build -target cmTC_40ab9 -parallelizeTargets -configuration Debug -hideShellScriptEnvironment

User defaults from command line:
    HideShellScriptEnvironment = YES
    IDEPackageSupportUseBuiltinSCM = YES

ComputeTargetDependencyGraph
note: Building targets in dependency order
note: Target dependency graph (1 target)
    Target 'cmTC_40ab9' in project 'CMAKE_TRY_COMPILE' (no dependencies)

GatherProvisioningInputs

CreateBuildDescription
Build description signature: 3908cc8a2793f5c47c2bab1f0493d14f
Build description path: /Users/abhishekshivakumar/gamedev/shadow/Example/SpriteSheet/xbuild/CMakeFiles/CMakeTmp/build/XCBuildData/3908cc8a2793f5c47c2bab1f0493d14f.xcbuilddata

CreateBuildDirectory /Users/abhishekshivakumar/gamedev/shadow/Example/SpriteSheet/xbuild/CMakeFiles/CMakeTmp
    cd /Users/abhishekshivakumar/gamedev/shadow/Example/SpriteSheet/xbuild/CMakeFiles/CMakeTmp/CMAKE_TRY_COMPILE.xcodeproj
    builtin-create-build-directory /Users/abhishekshivakumar/gamedev/shadow/Example/SpriteSheet/xbuild/CMakeFiles/CMakeTmp

ClangStatCache /Applications/Xcode.app/Contents/Developer/Toolchains/XcodeDefault.xctoolchain/usr/bin/clang-stat-cache /Applications/Xcode.app/Contents/Developer/Platforms/MacOSX.platform/Developer/SDKs/MacOSX14.2.sdk /var/folders/x5/smn11rt108jfspkvy3k6yl880000gn/C/com.apple.DeveloperTools/15.2-15C500b/Xcode/SDKStatCaches.noindex/macosx14.2-23C53-df0db8920d7ae99241a1bc0f08d2dced.sdkstatcache
    cd /Users/abhishekshivakumar/gamedev/shadow/Example/SpriteSheet/xbuild/CMakeFiles/CMakeTmp/CMAKE_TRY_COMPILE.xcodeproj
    /Applications/Xcode.app/Contents/Developer/Toolchains/XcodeDefault.xctoolchain/usr/bin/clang-stat-cache /Applications/Xcode.app/Contents/Developer/Platforms/MacOSX.platform/Developer/SDKs/MacOSX14.2.sdk -o /var/folders/x5/smn11rt108jfspkvy3k6yl880000gn/C/com.apple.DeveloperTools/15.2-15C500b/Xcode/SDKStatCaches.noindex/macosx14.2-23C53-df0db8920d7ae99241a1bc0f08d2dced.sdkstatcache

CreateBuildDirectory /Users/abhishekshivakumar/gamedev/shadow/Example/SpriteSheet/xbuild/CMakeFiles/CMakeTmp/Debug
    cd /Users/abhishekshivakumar/gamedev/shadow/Example/SpriteSheet/xbuild/CMakeFiles/CMakeTmp/CMAKE_TRY_COMPILE.xcodeproj
    builtin-create-build-directory /Users/abhishekshivakumar/gamedev/shadow/Example/SpriteSheet/xbuild/CMakeFiles/CMakeTmp/Debug

CreateBuildDirectory /Users/abhishekshivakumar/gamedev/shadow/Example/SpriteSheet/xbuild/CMakeFiles/CMakeTmp/EagerLinkingTBDs/Debug
    cd /Users/abhishekshivakumar/gamedev/shadow/Example/SpriteSheet/xbuild/CMakeFiles/CMakeTmp/CMAKE_TRY_COMPILE.xcodeproj
    builtin-create-build-directory /Users/abhishekshivakumar/gamedev/shadow/Example/SpriteSheet/xbuild/CMakeFiles/CMakeTmp/EagerLinkingTBDs/Debug

WriteAuxiliaryFile /Users/abhishekshivakumar/gamedev/shadow/Example/SpriteSheet/xbuild/CMakeFiles/CMakeTmp/CMAKE_TRY_COMPILE.build/Debug/cmTC_40ab9.build/Objects-normal/arm64/cmTC_40ab9.LinkFileList (in target 'cmTC_40ab9' from project 'CMAKE_TRY_COMPILE')
    cd /Users/abhishekshivakumar/gamedev/shadow/Example/SpriteSheet/xbuild/CMakeFiles/CMakeTmp
    write-file /Users/abhishekshivakumar/gamedev/shadow/Example/SpriteSheet/xbuild/CMakeFiles/CMakeTmp/CMAKE_TRY_COMPILE.build/Debug/cmTC_40ab9.build/Objects-normal/arm64/cmTC_40ab9.LinkFileList

CompileC /Users/abhishekshivakumar/gamedev/shadow/Example/SpriteSheet/xbuild/CMakeFiles/CMakeTmp/CMAKE_TRY_COMPILE.build/Debug/cmTC_40ab9.build/Objects-normal/arm64/CheckSymbolExists.o /Users/abhishekshivakumar/gamedev/shadow/Example/SpriteSheet/xbuild/CMakeFiles/CMakeTmp/CheckSymbolExists.c normal arm64 c com.apple.compilers.llvm.clang.1_0.compiler (in target 'cmTC_40ab9' from project 'CMAKE_TRY_COMPILE')
    cd /Users/abhishekshivakumar/gamedev/shadow/Example/SpriteSheet/xbuild/CMakeFiles/CMakeTmp
    /Applications/Xcode.app/Contents/Developer/Toolchains/XcodeDefault.xctoolchain/usr/bin/clang -x c -ivfsstatcache /var/folders/x5/smn11rt108jfspkvy3k6yl880000gn/C/com.apple.DeveloperTools/15.2-15C500b/Xcode/SDKStatCaches.noindex/macosx14.2-23C53-df0db8920d7ae99241a1bc0f08d2dced.sdkstatcache -target arm64-apple-macos14.2 -fmessage-length\=0 -fdiagnostics-show-note-include-stack -fmacro-backtrace-limit\=0 -fno-color-diagnostics -Wno-trigraphs -fpascal-strings -O0 -Wno-missing-field-initializers -Wno-missing-prototypes -Wno-return-type -Wno-missing-braces -Wparentheses -Wswitch -Wno-unused-function -Wno-unused-label -Wno-unused-parameter -Wno-unused-variable -Wunused-value -Wno-empty-body -Wno-uninitialized -Wno-unknown-pragmas -Wno-shadow -Wno-four-char-constants -Wno-conversion -Wno-constant-conversion -Wno-int-conversion -Wno-bool-conversion -Wno-enum-conversion -Wno-float-conversion -Wno-non-literal-null-conversion -Wno-objc-literal-conversion -Wshorten-64-to-32 -Wpointer-sign -Wno-newline-eof -Wno-implicit-fallthrough -DCMAKE_INTDIR\=\"Debug\" -isysroot /Applications/Xcode.app/Contents/Developer/Platforms/MacOSX.platform/Developer/SDKs/MacOSX14.2.sdk -fstrict-aliasing -Wdeprecated-declarations -g -Wno-sign-conversion -Wno-infinite-recursion -Wno-comma -Wno-block-capture-autoreleasing -Wno-strict-prototypes -Wno-semicolon-before-method-body -I/Users/abhishekshivakumar/gamedev/shadow/Example/SpriteSheet/xbuild/CMakeFiles/CMakeTmp/Debug/include -I/Users/abhishekshivakumar/gamedev/shadow/Example/SpriteSheet/xbuild/CMakeFiles/CMakeTmp/CMAKE_TRY_COMPILE.build/Debug/cmTC_40ab9.build/DerivedSources-normal/arm64 -I/Users/abhishekshivakumar/gamedev/shadow/Example/SpriteSheet/xbuild/CMakeFiles/CMakeTmp/CMAKE_TRY_COMPILE.build/Debug/cmTC_40ab9.build/DerivedSources/arm64 -I/Users/abhishekshivakumar/gamedev/shadow/Example/SpriteSheet/xbuild/CMakeFiles/CMakeTmp/CMAKE_TRY_COMPILE.build/Debug/cmTC_40ab9.build/DerivedSources -F/Users/abhishekshivakumar/gamedev/shadow/Example/SpriteSheet/xbuild/CMakeFiles/CMakeTmp/Debug -idirafter /Users/abhishekshivakumar/gamedev/shadow/Engine/dependencies/SDL/src/video/khronos -D_GNU_SOURCE\=1 -MMD -MT dependencies -MF /Users/abhishekshivakumar/gamedev/shadow/Example/SpriteSheet/xbuild/CMakeFiles/CMakeTmp/CMAKE_TRY_COMPILE.build/Debug/cmTC_40ab9.build/Objects-normal/arm64/CheckSymbolExists.d --serialize-diagnostics /Users/abhishekshivakumar/gamedev/shadow/Example/SpriteSheet/xbuild/CMakeFiles/CMakeTmp/CMAKE_TRY_COMPILE.build/Debug/cmTC_40ab9.build/Objects-normal/arm64/CheckSymbolExists.dia -c /Users/abhishekshivakumar/gamedev/shadow/Example/SpriteSheet/xbuild/CMakeFiles/CMakeTmp/CheckSymbolExists.c -o /Users/abhishekshivakumar/gamedev/shadow/Example/SpriteSheet/xbuild/CMakeFiles/CMakeTmp/CMAKE_TRY_COMPILE.build/Debug/cmTC_40ab9.build/Objects-normal/arm64/CheckSymbolExists.o
/Users/abhishekshivakumar/gamedev/shadow/Example/SpriteSheet/xbuild/CMakeFiles/CMakeTmp/CheckSymbolExists.c:14:19: error: use of undeclared identifier '_strnicmp'; did you mean 'strncmp'?
  return ((int*)(&_strnicmp))[argc];
                  ^~~~~~~~~
                  strncmp
In file included from /Users/abhishekshivakumar/gamedev/shadow/Example/SpriteSheet/xbuild/CMakeFiles/CMakeTmp/CheckSymbolExists.c:5:
/Applications/Xcode.app/Contents/Developer/Platforms/MacOSX.platform/Developer/SDKs/MacOSX14.2.sdk/usr/include/string.h:84:6: note: 'strncmp' declared here
int      strncmp(const char *__s1, const char *__s2, size_t __n);
         ^
1 error generated.

** BUILD FAILED **


The following build commands failed:
	CompileC /Users/abhishekshivakumar/gamedev/shadow/Example/SpriteSheet/xbuild/CMakeFiles/CMakeTmp/CMAKE_TRY_COMPILE.build/Debug/cmTC_40ab9.build/Objects-normal/arm64/CheckSymbolExists.o /Users/abhishekshivakumar/gamedev/shadow/Example/SpriteSheet/xbuild/CMakeFiles/CMakeTmp/CheckSymbolExists.c normal arm64 c com.apple.compilers.llvm.clang.1_0.compiler (in target 'cmTC_40ab9' from project 'CMAKE_TRY_COMPILE')
(1 failure)


File /Users/abhishekshivakumar/gamedev/shadow/Example/SpriteSheet/xbuild/CMakeFiles/CMakeTmp/CheckSymbolExists.c:
/* */
#include <stddef.h>
#include <stdarg.h>
#include <stdlib.h>
#include <string.h>
#include <stdio.h>
#include <wchar.h>
#include <float.h>

int main(int argc, char** argv)
{
  (void)argv;
#ifndef _strnicmp
  return ((int*)(&_strnicmp))[argc];
#else
  (void)argc;
  return 0;
#endif
}
Determining if the _wcsdup exist failed with the following output:
Change Dir: /Users/abhishekshivakumar/gamedev/shadow/Example/SpriteSheet/xbuild/CMakeFiles/CMakeTmp

Run Build Command(s):/usr/bin/xcodebuild -project CMAKE_TRY_COMPILE.xcodeproj build -target cmTC_1d6c2 -parallelizeTargets -configuration Debug -hideShellScriptEnvironment && Command line invocation:
    /Applications/Xcode.app/Contents/Developer/usr/bin/xcodebuild -project CMAKE_TRY_COMPILE.xcodeproj build -target cmTC_1d6c2 -parallelizeTargets -configuration Debug -hideShellScriptEnvironment

User defaults from command line:
    HideShellScriptEnvironment = YES
    IDEPackageSupportUseBuiltinSCM = YES

ComputeTargetDependencyGraph
note: Building targets in dependency order
note: Target dependency graph (1 target)
    Target 'cmTC_1d6c2' in project 'CMAKE_TRY_COMPILE' (no dependencies)

GatherProvisioningInputs

CreateBuildDescription
Build description signature: d4a8749e4e3d2f8165643b5eb5883e3f
Build description path: /Users/abhishekshivakumar/gamedev/shadow/Example/SpriteSheet/xbuild/CMakeFiles/CMakeTmp/build/XCBuildData/d4a8749e4e3d2f8165643b5eb5883e3f.xcbuilddata

CreateBuildDirectory /Users/abhishekshivakumar/gamedev/shadow/Example/SpriteSheet/xbuild/CMakeFiles/CMakeTmp
    cd /Users/abhishekshivakumar/gamedev/shadow/Example/SpriteSheet/xbuild/CMakeFiles/CMakeTmp/CMAKE_TRY_COMPILE.xcodeproj
    builtin-create-build-directory /Users/abhishekshivakumar/gamedev/shadow/Example/SpriteSheet/xbuild/CMakeFiles/CMakeTmp

ClangStatCache /Applications/Xcode.app/Contents/Developer/Toolchains/XcodeDefault.xctoolchain/usr/bin/clang-stat-cache /Applications/Xcode.app/Contents/Developer/Platforms/MacOSX.platform/Developer/SDKs/MacOSX14.2.sdk /var/folders/x5/smn11rt108jfspkvy3k6yl880000gn/C/com.apple.DeveloperTools/15.2-15C500b/Xcode/SDKStatCaches.noindex/macosx14.2-23C53-df0db8920d7ae99241a1bc0f08d2dced.sdkstatcache
    cd /Users/abhishekshivakumar/gamedev/shadow/Example/SpriteSheet/xbuild/CMakeFiles/CMakeTmp/CMAKE_TRY_COMPILE.xcodeproj
    /Applications/Xcode.app/Contents/Developer/Toolchains/XcodeDefault.xctoolchain/usr/bin/clang-stat-cache /Applications/Xcode.app/Contents/Developer/Platforms/MacOSX.platform/Developer/SDKs/MacOSX14.2.sdk -o /var/folders/x5/smn11rt108jfspkvy3k6yl880000gn/C/com.apple.DeveloperTools/15.2-15C500b/Xcode/SDKStatCaches.noindex/macosx14.2-23C53-df0db8920d7ae99241a1bc0f08d2dced.sdkstatcache

CreateBuildDirectory /Users/abhishekshivakumar/gamedev/shadow/Example/SpriteSheet/xbuild/CMakeFiles/CMakeTmp/Debug
    cd /Users/abhishekshivakumar/gamedev/shadow/Example/SpriteSheet/xbuild/CMakeFiles/CMakeTmp/CMAKE_TRY_COMPILE.xcodeproj
    builtin-create-build-directory /Users/abhishekshivakumar/gamedev/shadow/Example/SpriteSheet/xbuild/CMakeFiles/CMakeTmp/Debug

CreateBuildDirectory /Users/abhishekshivakumar/gamedev/shadow/Example/SpriteSheet/xbuild/CMakeFiles/CMakeTmp/EagerLinkingTBDs/Debug
    cd /Users/abhishekshivakumar/gamedev/shadow/Example/SpriteSheet/xbuild/CMakeFiles/CMakeTmp/CMAKE_TRY_COMPILE.xcodeproj
    builtin-create-build-directory /Users/abhishekshivakumar/gamedev/shadow/Example/SpriteSheet/xbuild/CMakeFiles/CMakeTmp/EagerLinkingTBDs/Debug

WriteAuxiliaryFile /Users/abhishekshivakumar/gamedev/shadow/Example/SpriteSheet/xbuild/CMakeFiles/CMakeTmp/CMAKE_TRY_COMPILE.build/Debug/cmTC_1d6c2.build/Objects-normal/arm64/cmTC_1d6c2.LinkFileList (in target 'cmTC_1d6c2' from project 'CMAKE_TRY_COMPILE')
    cd /Users/abhishekshivakumar/gamedev/shadow/Example/SpriteSheet/xbuild/CMakeFiles/CMakeTmp
    write-file /Users/abhishekshivakumar/gamedev/shadow/Example/SpriteSheet/xbuild/CMakeFiles/CMakeTmp/CMAKE_TRY_COMPILE.build/Debug/cmTC_1d6c2.build/Objects-normal/arm64/cmTC_1d6c2.LinkFileList

CompileC /Users/abhishekshivakumar/gamedev/shadow/Example/SpriteSheet/xbuild/CMakeFiles/CMakeTmp/CMAKE_TRY_COMPILE.build/Debug/cmTC_1d6c2.build/Objects-normal/arm64/CheckSymbolExists.o /Users/abhishekshivakumar/gamedev/shadow/Example/SpriteSheet/xbuild/CMakeFiles/CMakeTmp/CheckSymbolExists.c normal arm64 c com.apple.compilers.llvm.clang.1_0.compiler (in target 'cmTC_1d6c2' from project 'CMAKE_TRY_COMPILE')
    cd /Users/abhishekshivakumar/gamedev/shadow/Example/SpriteSheet/xbuild/CMakeFiles/CMakeTmp
    /Applications/Xcode.app/Contents/Developer/Toolchains/XcodeDefault.xctoolchain/usr/bin/clang -x c -ivfsstatcache /var/folders/x5/smn11rt108jfspkvy3k6yl880000gn/C/com.apple.DeveloperTools/15.2-15C500b/Xcode/SDKStatCaches.noindex/macosx14.2-23C53-df0db8920d7ae99241a1bc0f08d2dced.sdkstatcache -target arm64-apple-macos14.2 -fmessage-length\=0 -fdiagnostics-show-note-include-stack -fmacro-backtrace-limit\=0 -fno-color-diagnostics -Wno-trigraphs -fpascal-strings -O0 -Wno-missing-field-initializers -Wno-missing-prototypes -Wno-return-type -Wno-missing-braces -Wparentheses -Wswitch -Wno-unused-function -Wno-unused-label -Wno-unused-parameter -Wno-unused-variable -Wunused-value -Wno-empty-body -Wno-uninitialized -Wno-unknown-pragmas -Wno-shadow -Wno-four-char-constants -Wno-conversion -Wno-constant-conversion -Wno-int-conversion -Wno-bool-conversion -Wno-enum-conversion -Wno-float-conversion -Wno-non-literal-null-conversion -Wno-objc-literal-conversion -Wshorten-64-to-32 -Wpointer-sign -Wno-newline-eof -Wno-implicit-fallthrough -DCMAKE_INTDIR\=\"Debug\" -isysroot /Applications/Xcode.app/Contents/Developer/Platforms/MacOSX.platform/Developer/SDKs/MacOSX14.2.sdk -fstrict-aliasing -Wdeprecated-declarations -g -Wno-sign-conversion -Wno-infinite-recursion -Wno-comma -Wno-block-capture-autoreleasing -Wno-strict-prototypes -Wno-semicolon-before-method-body -I/Users/abhishekshivakumar/gamedev/shadow/Example/SpriteSheet/xbuild/CMakeFiles/CMakeTmp/Debug/include -I/Users/abhishekshivakumar/gamedev/shadow/Example/SpriteSheet/xbuild/CMakeFiles/CMakeTmp/CMAKE_TRY_COMPILE.build/Debug/cmTC_1d6c2.build/DerivedSources-normal/arm64 -I/Users/abhishekshivakumar/gamedev/shadow/Example/SpriteSheet/xbuild/CMakeFiles/CMakeTmp/CMAKE_TRY_COMPILE.build/Debug/cmTC_1d6c2.build/DerivedSources/arm64 -I/Users/abhishekshivakumar/gamedev/shadow/Example/SpriteSheet/xbuild/CMakeFiles/CMakeTmp/CMAKE_TRY_COMPILE.build/Debug/cmTC_1d6c2.build/DerivedSources -F/Users/abhishekshivakumar/gamedev/shadow/Example/SpriteSheet/xbuild/CMakeFiles/CMakeTmp/Debug -idirafter /Users/abhishekshivakumar/gamedev/shadow/Engine/dependencies/SDL/src/video/khronos -D_GNU_SOURCE\=1 -MMD -MT dependencies -MF /Users/abhishekshivakumar/gamedev/shadow/Example/SpriteSheet/xbuild/CMakeFiles/CMakeTmp/CMAKE_TRY_COMPILE.build/Debug/cmTC_1d6c2.build/Objects-normal/arm64/CheckSymbolExists.d --serialize-diagnostics /Users/abhishekshivakumar/gamedev/shadow/Example/SpriteSheet/xbuild/CMakeFiles/CMakeTmp/CMAKE_TRY_COMPILE.build/Debug/cmTC_1d6c2.build/Objects-normal/arm64/CheckSymbolExists.dia -c /Users/abhishekshivakumar/gamedev/shadow/Example/SpriteSheet/xbuild/CMakeFiles/CMakeTmp/CheckSymbolExists.c -o /Users/abhishekshivakumar/gamedev/shadow/Example/SpriteSheet/xbuild/CMakeFiles/CMakeTmp/CMAKE_TRY_COMPILE.build/Debug/cmTC_1d6c2.build/Objects-normal/arm64/CheckSymbolExists.o
/Users/abhishekshivakumar/gamedev/shadow/Example/SpriteSheet/xbuild/CMakeFiles/CMakeTmp/CheckSymbolExists.c:14:19: error: use of undeclared identifier '_wcsdup'; did you mean 'wcsdup'?
  return ((int*)(&_wcsdup))[argc];
                  ^~~~~~~
                  wcsdup
In file included from /Users/abhishekshivakumar/gamedev/shadow/Example/SpriteSheet/xbuild/CMakeFiles/CMakeTmp/CheckSymbolExists.c:7:
/Applications/Xcode.app/Contents/Developer/Platforms/MacOSX.platform/Developer/SDKs/MacOSX14.2.sdk/usr/include/wchar.h:199:10: note: 'wcsdup' declared here
wchar_t *wcsdup(const wchar_t *) __OSX_AVAILABLE_STARTING(__MAC_10_7, __IPHONE_4_3);
         ^
1 error generated.

** BUILD FAILED **


The following build commands failed:
	CompileC /Users/abhishekshivakumar/gamedev/shadow/Example/SpriteSheet/xbuild/CMakeFiles/CMakeTmp/CMAKE_TRY_COMPILE.build/Debug/cmTC_1d6c2.build/Objects-normal/arm64/CheckSymbolExists.o /Users/abhishekshivakumar/gamedev/shadow/Example/SpriteSheet/xbuild/CMakeFiles/CMakeTmp/CheckSymbolExists.c normal arm64 c com.apple.compilers.llvm.clang.1_0.compiler (in target 'cmTC_1d6c2' from project 'CMAKE_TRY_COMPILE')
(1 failure)


File /Users/abhishekshivakumar/gamedev/shadow/Example/SpriteSheet/xbuild/CMakeFiles/CMakeTmp/CheckSymbolExists.c:
/* */
#include <stddef.h>
#include <stdarg.h>
#include <stdlib.h>
#include <string.h>
#include <stdio.h>
#include <wchar.h>
#include <float.h>

int main(int argc, char** argv)
{
  (void)argv;
#ifndef _wcsdup
  return ((int*)(&_wcsdup))[argc];
#else
  (void)argc;
  return 0;
#endif
}
Determining if the _wcsicmp exist failed with the following output:
Change Dir: /Users/abhishekshivakumar/gamedev/shadow/Example/SpriteSheet/xbuild/CMakeFiles/CMakeTmp

Run Build Command(s):/usr/bin/xcodebuild -project CMAKE_TRY_COMPILE.xcodeproj build -target cmTC_319e5 -parallelizeTargets -configuration Debug -hideShellScriptEnvironment && Command line invocation:
    /Applications/Xcode.app/Contents/Developer/usr/bin/xcodebuild -project CMAKE_TRY_COMPILE.xcodeproj build -target cmTC_319e5 -parallelizeTargets -configuration Debug -hideShellScriptEnvironment

User defaults from command line:
    HideShellScriptEnvironment = YES
    IDEPackageSupportUseBuiltinSCM = YES

ComputeTargetDependencyGraph
note: Building targets in dependency order
note: Target dependency graph (1 target)
    Target 'cmTC_319e5' in project 'CMAKE_TRY_COMPILE' (no dependencies)

GatherProvisioningInputs

CreateBuildDescription
Build description signature: e78b740fac6e294224ce8d0adf6b2ad4
Build description path: /Users/abhishekshivakumar/gamedev/shadow/Example/SpriteSheet/xbuild/CMakeFiles/CMakeTmp/build/XCBuildData/e78b740fac6e294224ce8d0adf6b2ad4.xcbuilddata

CreateBuildDirectory /Users/abhishekshivakumar/gamedev/shadow/Example/SpriteSheet/xbuild/CMakeFiles/CMakeTmp
    cd /Users/abhishekshivakumar/gamedev/shadow/Example/SpriteSheet/xbuild/CMakeFiles/CMakeTmp/CMAKE_TRY_COMPILE.xcodeproj
    builtin-create-build-directory /Users/abhishekshivakumar/gamedev/shadow/Example/SpriteSheet/xbuild/CMakeFiles/CMakeTmp

ClangStatCache /Applications/Xcode.app/Contents/Developer/Toolchains/XcodeDefault.xctoolchain/usr/bin/clang-stat-cache /Applications/Xcode.app/Contents/Developer/Platforms/MacOSX.platform/Developer/SDKs/MacOSX14.2.sdk /var/folders/x5/smn11rt108jfspkvy3k6yl880000gn/C/com.apple.DeveloperTools/15.2-15C500b/Xcode/SDKStatCaches.noindex/macosx14.2-23C53-df0db8920d7ae99241a1bc0f08d2dced.sdkstatcache
    cd /Users/abhishekshivakumar/gamedev/shadow/Example/SpriteSheet/xbuild/CMakeFiles/CMakeTmp/CMAKE_TRY_COMPILE.xcodeproj
    /Applications/Xcode.app/Contents/Developer/Toolchains/XcodeDefault.xctoolchain/usr/bin/clang-stat-cache /Applications/Xcode.app/Contents/Developer/Platforms/MacOSX.platform/Developer/SDKs/MacOSX14.2.sdk -o /var/folders/x5/smn11rt108jfspkvy3k6yl880000gn/C/com.apple.DeveloperTools/15.2-15C500b/Xcode/SDKStatCaches.noindex/macosx14.2-23C53-df0db8920d7ae99241a1bc0f08d2dced.sdkstatcache

CreateBuildDirectory /Users/abhishekshivakumar/gamedev/shadow/Example/SpriteSheet/xbuild/CMakeFiles/CMakeTmp/Debug
    cd /Users/abhishekshivakumar/gamedev/shadow/Example/SpriteSheet/xbuild/CMakeFiles/CMakeTmp/CMAKE_TRY_COMPILE.xcodeproj
    builtin-create-build-directory /Users/abhishekshivakumar/gamedev/shadow/Example/SpriteSheet/xbuild/CMakeFiles/CMakeTmp/Debug

CreateBuildDirectory /Users/abhishekshivakumar/gamedev/shadow/Example/SpriteSheet/xbuild/CMakeFiles/CMakeTmp/EagerLinkingTBDs/Debug
    cd /Users/abhishekshivakumar/gamedev/shadow/Example/SpriteSheet/xbuild/CMakeFiles/CMakeTmp/CMAKE_TRY_COMPILE.xcodeproj
    builtin-create-build-directory /Users/abhishekshivakumar/gamedev/shadow/Example/SpriteSheet/xbuild/CMakeFiles/CMakeTmp/EagerLinkingTBDs/Debug

WriteAuxiliaryFile /Users/abhishekshivakumar/gamedev/shadow/Example/SpriteSheet/xbuild/CMakeFiles/CMakeTmp/CMAKE_TRY_COMPILE.build/Debug/cmTC_319e5.build/Objects-normal/arm64/cmTC_319e5.LinkFileList (in target 'cmTC_319e5' from project 'CMAKE_TRY_COMPILE')
    cd /Users/abhishekshivakumar/gamedev/shadow/Example/SpriteSheet/xbuild/CMakeFiles/CMakeTmp
    write-file /Users/abhishekshivakumar/gamedev/shadow/Example/SpriteSheet/xbuild/CMakeFiles/CMakeTmp/CMAKE_TRY_COMPILE.build/Debug/cmTC_319e5.build/Objects-normal/arm64/cmTC_319e5.LinkFileList

CompileC /Users/abhishekshivakumar/gamedev/shadow/Example/SpriteSheet/xbuild/CMakeFiles/CMakeTmp/CMAKE_TRY_COMPILE.build/Debug/cmTC_319e5.build/Objects-normal/arm64/CheckSymbolExists.o /Users/abhishekshivakumar/gamedev/shadow/Example/SpriteSheet/xbuild/CMakeFiles/CMakeTmp/CheckSymbolExists.c normal arm64 c com.apple.compilers.llvm.clang.1_0.compiler (in target 'cmTC_319e5' from project 'CMAKE_TRY_COMPILE')
    cd /Users/abhishekshivakumar/gamedev/shadow/Example/SpriteSheet/xbuild/CMakeFiles/CMakeTmp
    /Applications/Xcode.app/Contents/Developer/Toolchains/XcodeDefault.xctoolchain/usr/bin/clang -x c -ivfsstatcache /var/folders/x5/smn11rt108jfspkvy3k6yl880000gn/C/com.apple.DeveloperTools/15.2-15C500b/Xcode/SDKStatCaches.noindex/macosx14.2-23C53-df0db8920d7ae99241a1bc0f08d2dced.sdkstatcache -target arm64-apple-macos14.2 -fmessage-length\=0 -fdiagnostics-show-note-include-stack -fmacro-backtrace-limit\=0 -fno-color-diagnostics -Wno-trigraphs -fpascal-strings -O0 -Wno-missing-field-initializers -Wno-missing-prototypes -Wno-return-type -Wno-missing-braces -Wparentheses -Wswitch -Wno-unused-function -Wno-unused-label -Wno-unused-parameter -Wno-unused-variable -Wunused-value -Wno-empty-body -Wno-uninitialized -Wno-unknown-pragmas -Wno-shadow -Wno-four-char-constants -Wno-conversion -Wno-constant-conversion -Wno-int-conversion -Wno-bool-conversion -Wno-enum-conversion -Wno-float-conversion -Wno-non-literal-null-conversion -Wno-objc-literal-conversion -Wshorten-64-to-32 -Wpointer-sign -Wno-newline-eof -Wno-implicit-fallthrough -DCMAKE_INTDIR\=\"Debug\" -isysroot /Applications/Xcode.app/Contents/Developer/Platforms/MacOSX.platform/Developer/SDKs/MacOSX14.2.sdk -fstrict-aliasing -Wdeprecated-declarations -g -Wno-sign-conversion -Wno-infinite-recursion -Wno-comma -Wno-block-capture-autoreleasing -Wno-strict-prototypes -Wno-semicolon-before-method-body -I/Users/abhishekshivakumar/gamedev/shadow/Example/SpriteSheet/xbuild/CMakeFiles/CMakeTmp/Debug/include -I/Users/abhishekshivakumar/gamedev/shadow/Example/SpriteSheet/xbuild/CMakeFiles/CMakeTmp/CMAKE_TRY_COMPILE.build/Debug/cmTC_319e5.build/DerivedSources-normal/arm64 -I/Users/abhishekshivakumar/gamedev/shadow/Example/SpriteSheet/xbuild/CMakeFiles/CMakeTmp/CMAKE_TRY_COMPILE.build/Debug/cmTC_319e5.build/DerivedSources/arm64 -I/Users/abhishekshivakumar/gamedev/shadow/Example/SpriteSheet/xbuild/CMakeFiles/CMakeTmp/CMAKE_TRY_COMPILE.build/Debug/cmTC_319e5.build/DerivedSources -F/Users/abhishekshivakumar/gamedev/shadow/Example/SpriteSheet/xbuild/CMakeFiles/CMakeTmp/Debug -idirafter /Users/abhishekshivakumar/gamedev/shadow/Engine/dependencies/SDL/src/video/khronos -D_GNU_SOURCE\=1 -MMD -MT dependencies -MF /Users/abhishekshivakumar/gamedev/shadow/Example/SpriteSheet/xbuild/CMakeFiles/CMakeTmp/CMAKE_TRY_COMPILE.build/Debug/cmTC_319e5.build/Objects-normal/arm64/CheckSymbolExists.d --serialize-diagnostics /Users/abhishekshivakumar/gamedev/shadow/Example/SpriteSheet/xbuild/CMakeFiles/CMakeTmp/CMAKE_TRY_COMPILE.build/Debug/cmTC_319e5.build/Objects-normal/arm64/CheckSymbolExists.dia -c /Users/abhishekshivakumar/gamedev/shadow/Example/SpriteSheet/xbuild/CMakeFiles/CMakeTmp/CheckSymbolExists.c -o /Users/abhishekshivakumar/gamedev/shadow/Example/SpriteSheet/xbuild/CMakeFiles/CMakeTmp/CMAKE_TRY_COMPILE.build/Debug/cmTC_319e5.build/Objects-normal/arm64/CheckSymbolExists.o
/Users/abhishekshivakumar/gamedev/shadow/Example/SpriteSheet/xbuild/CMakeFiles/CMakeTmp/CheckSymbolExists.c:14:19: error: use of undeclared identifier '_wcsicmp'
  return ((int*)(&_wcsicmp))[argc];
                  ^
1 error generated.

** BUILD FAILED **


The following build commands failed:
	CompileC /Users/abhishekshivakumar/gamedev/shadow/Example/SpriteSheet/xbuild/CMakeFiles/CMakeTmp/CMAKE_TRY_COMPILE.build/Debug/cmTC_319e5.build/Objects-normal/arm64/CheckSymbolExists.o /Users/abhishekshivakumar/gamedev/shadow/Example/SpriteSheet/xbuild/CMakeFiles/CMakeTmp/CheckSymbolExists.c normal arm64 c com.apple.compilers.llvm.clang.1_0.compiler (in target 'cmTC_319e5' from project 'CMAKE_TRY_COMPILE')
(1 failure)


File /Users/abhishekshivakumar/gamedev/shadow/Example/SpriteSheet/xbuild/CMakeFiles/CMakeTmp/CheckSymbolExists.c:
/* */
#include <stddef.h>
#include <stdarg.h>
#include <stdlib.h>
#include <string.h>
#include <stdio.h>
#include <wchar.h>
#include <float.h>

int main(int argc, char** argv)
{
  (void)argv;
#ifndef _wcsicmp
  return ((int*)(&_wcsicmp))[argc];
#else
  (void)argc;
  return 0;
#endif
}
Determining if the _wcsnicmp exist failed with the following output:
Change Dir: /Users/abhishekshivakumar/gamedev/shadow/Example/SpriteSheet/xbuild/CMakeFiles/CMakeTmp

Run Build Command(s):/usr/bin/xcodebuild -project CMAKE_TRY_COMPILE.xcodeproj build -target cmTC_bf6f4 -parallelizeTargets -configuration Debug -hideShellScriptEnvironment && Command line invocation:
    /Applications/Xcode.app/Contents/Developer/usr/bin/xcodebuild -project CMAKE_TRY_COMPILE.xcodeproj build -target cmTC_bf6f4 -parallelizeTargets -configuration Debug -hideShellScriptEnvironment

User defaults from command line:
    HideShellScriptEnvironment = YES
    IDEPackageSupportUseBuiltinSCM = YES

ComputeTargetDependencyGraph
note: Building targets in dependency order
note: Target dependency graph (1 target)
    Target 'cmTC_bf6f4' in project 'CMAKE_TRY_COMPILE' (no dependencies)

GatherProvisioningInputs

CreateBuildDescription
Build description signature: 2c69cc2217564838aa06f706e9b2f6ec
Build description path: /Users/abhishekshivakumar/gamedev/shadow/Example/SpriteSheet/xbuild/CMakeFiles/CMakeTmp/build/XCBuildData/2c69cc2217564838aa06f706e9b2f6ec.xcbuilddata

ClangStatCache /Applications/Xcode.app/Contents/Developer/Toolchains/XcodeDefault.xctoolchain/usr/bin/clang-stat-cache /Applications/Xcode.app/Contents/Developer/Platforms/MacOSX.platform/Developer/SDKs/MacOSX14.2.sdk /var/folders/x5/smn11rt108jfspkvy3k6yl880000gn/C/com.apple.DeveloperTools/15.2-15C500b/Xcode/SDKStatCaches.noindex/macosx14.2-23C53-df0db8920d7ae99241a1bc0f08d2dced.sdkstatcache
    cd /Users/abhishekshivakumar/gamedev/shadow/Example/SpriteSheet/xbuild/CMakeFiles/CMakeTmp/CMAKE_TRY_COMPILE.xcodeproj
    /Applications/Xcode.app/Contents/Developer/Toolchains/XcodeDefault.xctoolchain/usr/bin/clang-stat-cache /Applications/Xcode.app/Contents/Developer/Platforms/MacOSX.platform/Developer/SDKs/MacOSX14.2.sdk -o /var/folders/x5/smn11rt108jfspkvy3k6yl880000gn/C/com.apple.DeveloperTools/15.2-15C500b/Xcode/SDKStatCaches.noindex/macosx14.2-23C53-df0db8920d7ae99241a1bc0f08d2dced.sdkstatcache

CreateBuildDirectory /Users/abhishekshivakumar/gamedev/shadow/Example/SpriteSheet/xbuild/CMakeFiles/CMakeTmp
    cd /Users/abhishekshivakumar/gamedev/shadow/Example/SpriteSheet/xbuild/CMakeFiles/CMakeTmp/CMAKE_TRY_COMPILE.xcodeproj
    builtin-create-build-directory /Users/abhishekshivakumar/gamedev/shadow/Example/SpriteSheet/xbuild/CMakeFiles/CMakeTmp

CreateBuildDirectory /Users/abhishekshivakumar/gamedev/shadow/Example/SpriteSheet/xbuild/CMakeFiles/CMakeTmp/Debug
    cd /Users/abhishekshivakumar/gamedev/shadow/Example/SpriteSheet/xbuild/CMakeFiles/CMakeTmp/CMAKE_TRY_COMPILE.xcodeproj
    builtin-create-build-directory /Users/abhishekshivakumar/gamedev/shadow/Example/SpriteSheet/xbuild/CMakeFiles/CMakeTmp/Debug

CreateBuildDirectory /Users/abhishekshivakumar/gamedev/shadow/Example/SpriteSheet/xbuild/CMakeFiles/CMakeTmp/EagerLinkingTBDs/Debug
    cd /Users/abhishekshivakumar/gamedev/shadow/Example/SpriteSheet/xbuild/CMakeFiles/CMakeTmp/CMAKE_TRY_COMPILE.xcodeproj
    builtin-create-build-directory /Users/abhishekshivakumar/gamedev/shadow/Example/SpriteSheet/xbuild/CMakeFiles/CMakeTmp/EagerLinkingTBDs/Debug

WriteAuxiliaryFile /Users/abhishekshivakumar/gamedev/shadow/Example/SpriteSheet/xbuild/CMakeFiles/CMakeTmp/CMAKE_TRY_COMPILE.build/Debug/cmTC_bf6f4.build/Objects-normal/arm64/cmTC_bf6f4.LinkFileList (in target 'cmTC_bf6f4' from project 'CMAKE_TRY_COMPILE')
    cd /Users/abhishekshivakumar/gamedev/shadow/Example/SpriteSheet/xbuild/CMakeFiles/CMakeTmp
    write-file /Users/abhishekshivakumar/gamedev/shadow/Example/SpriteSheet/xbuild/CMakeFiles/CMakeTmp/CMAKE_TRY_COMPILE.build/Debug/cmTC_bf6f4.build/Objects-normal/arm64/cmTC_bf6f4.LinkFileList

CompileC /Users/abhishekshivakumar/gamedev/shadow/Example/SpriteSheet/xbuild/CMakeFiles/CMakeTmp/CMAKE_TRY_COMPILE.build/Debug/cmTC_bf6f4.build/Objects-normal/arm64/CheckSymbolExists.o /Users/abhishekshivakumar/gamedev/shadow/Example/SpriteSheet/xbuild/CMakeFiles/CMakeTmp/CheckSymbolExists.c normal arm64 c com.apple.compilers.llvm.clang.1_0.compiler (in target 'cmTC_bf6f4' from project 'CMAKE_TRY_COMPILE')
    cd /Users/abhishekshivakumar/gamedev/shadow/Example/SpriteSheet/xbuild/CMakeFiles/CMakeTmp
    /Applications/Xcode.app/Contents/Developer/Toolchains/XcodeDefault.xctoolchain/usr/bin/clang -x c -ivfsstatcache /var/folders/x5/smn11rt108jfspkvy3k6yl880000gn/C/com.apple.DeveloperTools/15.2-15C500b/Xcode/SDKStatCaches.noindex/macosx14.2-23C53-df0db8920d7ae99241a1bc0f08d2dced.sdkstatcache -target arm64-apple-macos14.2 -fmessage-length\=0 -fdiagnostics-show-note-include-stack -fmacro-backtrace-limit\=0 -fno-color-diagnostics -Wno-trigraphs -fpascal-strings -O0 -Wno-missing-field-initializers -Wno-missing-prototypes -Wno-return-type -Wno-missing-braces -Wparentheses -Wswitch -Wno-unused-function -Wno-unused-label -Wno-unused-parameter -Wno-unused-variable -Wunused-value -Wno-empty-body -Wno-uninitialized -Wno-unknown-pragmas -Wno-shadow -Wno-four-char-constants -Wno-conversion -Wno-constant-conversion -Wno-int-conversion -Wno-bool-conversion -Wno-enum-conversion -Wno-float-conversion -Wno-non-literal-null-conversion -Wno-objc-literal-conversion -Wshorten-64-to-32 -Wpointer-sign -Wno-newline-eof -Wno-implicit-fallthrough -DCMAKE_INTDIR\=\"Debug\" -isysroot /Applications/Xcode.app/Contents/Developer/Platforms/MacOSX.platform/Developer/SDKs/MacOSX14.2.sdk -fstrict-aliasing -Wdeprecated-declarations -g -Wno-sign-conversion -Wno-infinite-recursion -Wno-comma -Wno-block-capture-autoreleasing -Wno-strict-prototypes -Wno-semicolon-before-method-body -I/Users/abhishekshivakumar/gamedev/shadow/Example/SpriteSheet/xbuild/CMakeFiles/CMakeTmp/Debug/include -I/Users/abhishekshivakumar/gamedev/shadow/Example/SpriteSheet/xbuild/CMakeFiles/CMakeTmp/CMAKE_TRY_COMPILE.build/Debug/cmTC_bf6f4.build/DerivedSources-normal/arm64 -I/Users/abhishekshivakumar/gamedev/shadow/Example/SpriteSheet/xbuild/CMakeFiles/CMakeTmp/CMAKE_TRY_COMPILE.build/Debug/cmTC_bf6f4.build/DerivedSources/arm64 -I/Users/abhishekshivakumar/gamedev/shadow/Example/SpriteSheet/xbuild/CMakeFiles/CMakeTmp/CMAKE_TRY_COMPILE.build/Debug/cmTC_bf6f4.build/DerivedSources -F/Users/abhishekshivakumar/gamedev/shadow/Example/SpriteSheet/xbuild/CMakeFiles/CMakeTmp/Debug -idirafter /Users/abhishekshivakumar/gamedev/shadow/Engine/dependencies/SDL/src/video/khronos -D_GNU_SOURCE\=1 -MMD -MT dependencies -MF /Users/abhishekshivakumar/gamedev/shadow/Example/SpriteSheet/xbuild/CMakeFiles/CMakeTmp/CMAKE_TRY_COMPILE.build/Debug/cmTC_bf6f4.build/Objects-normal/arm64/CheckSymbolExists.d --serialize-diagnostics /Users/abhishekshivakumar/gamedev/shadow/Example/SpriteSheet/xbuild/CMakeFiles/CMakeTmp/CMAKE_TRY_COMPILE.build/Debug/cmTC_bf6f4.build/Objects-normal/arm64/CheckSymbolExists.dia -c /Users/abhishekshivakumar/gamedev/shadow/Example/SpriteSheet/xbuild/CMakeFiles/CMakeTmp/CheckSymbolExists.c -o /Users/abhishekshivakumar/gamedev/shadow/Example/SpriteSheet/xbuild/CMakeFiles/CMakeTmp/CMAKE_TRY_COMPILE.build/Debug/cmTC_bf6f4.build/Objects-normal/arm64/CheckSymbolExists.o
/Users/abhishekshivakumar/gamedev/shadow/Example/SpriteSheet/xbuild/CMakeFiles/CMakeTmp/CheckSymbolExists.c:14:19: error: use of undeclared identifier '_wcsnicmp'; did you mean 'wcsncmp'?
  return ((int*)(&_wcsnicmp))[argc];
                  ^~~~~~~~~
                  wcsncmp
In file included from /Users/abhishekshivakumar/gamedev/shadow/Example/SpriteSheet/xbuild/CMakeFiles/CMakeTmp/CheckSymbolExists.c:7:
/Applications/Xcode.app/Contents/Developer/Platforms/MacOSX.platform/Developer/SDKs/MacOSX14.2.sdk/usr/include/wchar.h:134:5: note: 'wcsncmp' declared here
int     wcsncmp(const wchar_t *, const wchar_t *, size_t);
        ^
1 error generated.

** BUILD FAILED **


The following build commands failed:
	CompileC /Users/abhishekshivakumar/gamedev/shadow/Example/SpriteSheet/xbuild/CMakeFiles/CMakeTmp/CMAKE_TRY_COMPILE.build/Debug/cmTC_bf6f4.build/Objects-normal/arm64/CheckSymbolExists.o /Users/abhishekshivakumar/gamedev/shadow/Example/SpriteSheet/xbuild/CMakeFiles/CMakeTmp/CheckSymbolExists.c normal arm64 c com.apple.compilers.llvm.clang.1_0.compiler (in target 'cmTC_bf6f4' from project 'CMAKE_TRY_COMPILE')
(1 failure)


File /Users/abhishekshivakumar/gamedev/shadow/Example/SpriteSheet/xbuild/CMakeFiles/CMakeTmp/CheckSymbolExists.c:
/* */
#include <stddef.h>
#include <stdarg.h>
#include <stdlib.h>
#include <string.h>
#include <stdio.h>
#include <wchar.h>
#include <float.h>

int main(int argc, char** argv)
{
  (void)argv;
#ifndef _wcsnicmp
  return ((int*)(&_wcsnicmp))[argc];
#else
  (void)argc;
  return 0;
#endif
}
Determining if the fopen64 exist failed with the following output:
Change Dir: /Users/abhishekshivakumar/gamedev/shadow/Example/SpriteSheet/xbuild/CMakeFiles/CMakeTmp

Run Build Command(s):/usr/bin/xcodebuild -project CMAKE_TRY_COMPILE.xcodeproj build -target cmTC_37056 -parallelizeTargets -configuration Debug -hideShellScriptEnvironment && Command line invocation:
    /Applications/Xcode.app/Contents/Developer/usr/bin/xcodebuild -project CMAKE_TRY_COMPILE.xcodeproj build -target cmTC_37056 -parallelizeTargets -configuration Debug -hideShellScriptEnvironment

User defaults from command line:
    HideShellScriptEnvironment = YES
    IDEPackageSupportUseBuiltinSCM = YES

ComputeTargetDependencyGraph
note: Building targets in dependency order
note: Target dependency graph (1 target)
    Target 'cmTC_37056' in project 'CMAKE_TRY_COMPILE' (no dependencies)

GatherProvisioningInputs

CreateBuildDescription
Build description signature: 1d3242e7c146c398cfe13ca601d22178
Build description path: /Users/abhishekshivakumar/gamedev/shadow/Example/SpriteSheet/xbuild/CMakeFiles/CMakeTmp/build/XCBuildData/1d3242e7c146c398cfe13ca601d22178.xcbuilddata

CreateBuildDirectory /Users/abhishekshivakumar/gamedev/shadow/Example/SpriteSheet/xbuild/CMakeFiles/CMakeTmp
    cd /Users/abhishekshivakumar/gamedev/shadow/Example/SpriteSheet/xbuild/CMakeFiles/CMakeTmp/CMAKE_TRY_COMPILE.xcodeproj
    builtin-create-build-directory /Users/abhishekshivakumar/gamedev/shadow/Example/SpriteSheet/xbuild/CMakeFiles/CMakeTmp

ClangStatCache /Applications/Xcode.app/Contents/Developer/Toolchains/XcodeDefault.xctoolchain/usr/bin/clang-stat-cache /Applications/Xcode.app/Contents/Developer/Platforms/MacOSX.platform/Developer/SDKs/MacOSX14.2.sdk /var/folders/x5/smn11rt108jfspkvy3k6yl880000gn/C/com.apple.DeveloperTools/15.2-15C500b/Xcode/SDKStatCaches.noindex/macosx14.2-23C53-df0db8920d7ae99241a1bc0f08d2dced.sdkstatcache
    cd /Users/abhishekshivakumar/gamedev/shadow/Example/SpriteSheet/xbuild/CMakeFiles/CMakeTmp/CMAKE_TRY_COMPILE.xcodeproj
    /Applications/Xcode.app/Contents/Developer/Toolchains/XcodeDefault.xctoolchain/usr/bin/clang-stat-cache /Applications/Xcode.app/Contents/Developer/Platforms/MacOSX.platform/Developer/SDKs/MacOSX14.2.sdk -o /var/folders/x5/smn11rt108jfspkvy3k6yl880000gn/C/com.apple.DeveloperTools/15.2-15C500b/Xcode/SDKStatCaches.noindex/macosx14.2-23C53-df0db8920d7ae99241a1bc0f08d2dced.sdkstatcache

CreateBuildDirectory /Users/abhishekshivakumar/gamedev/shadow/Example/SpriteSheet/xbuild/CMakeFiles/CMakeTmp/Debug
    cd /Users/abhishekshivakumar/gamedev/shadow/Example/SpriteSheet/xbuild/CMakeFiles/CMakeTmp/CMAKE_TRY_COMPILE.xcodeproj
    builtin-create-build-directory /Users/abhishekshivakumar/gamedev/shadow/Example/SpriteSheet/xbuild/CMakeFiles/CMakeTmp/Debug

CreateBuildDirectory /Users/abhishekshivakumar/gamedev/shadow/Example/SpriteSheet/xbuild/CMakeFiles/CMakeTmp/EagerLinkingTBDs/Debug
    cd /Users/abhishekshivakumar/gamedev/shadow/Example/SpriteSheet/xbuild/CMakeFiles/CMakeTmp/CMAKE_TRY_COMPILE.xcodeproj
    builtin-create-build-directory /Users/abhishekshivakumar/gamedev/shadow/Example/SpriteSheet/xbuild/CMakeFiles/CMakeTmp/EagerLinkingTBDs/Debug

WriteAuxiliaryFile /Users/abhishekshivakumar/gamedev/shadow/Example/SpriteSheet/xbuild/CMakeFiles/CMakeTmp/CMAKE_TRY_COMPILE.build/Debug/cmTC_37056.build/Objects-normal/arm64/cmTC_37056.LinkFileList (in target 'cmTC_37056' from project 'CMAKE_TRY_COMPILE')
    cd /Users/abhishekshivakumar/gamedev/shadow/Example/SpriteSheet/xbuild/CMakeFiles/CMakeTmp
    write-file /Users/abhishekshivakumar/gamedev/shadow/Example/SpriteSheet/xbuild/CMakeFiles/CMakeTmp/CMAKE_TRY_COMPILE.build/Debug/cmTC_37056.build/Objects-normal/arm64/cmTC_37056.LinkFileList

CompileC /Users/abhishekshivakumar/gamedev/shadow/Example/SpriteSheet/xbuild/CMakeFiles/CMakeTmp/CMAKE_TRY_COMPILE.build/Debug/cmTC_37056.build/Objects-normal/arm64/CheckSymbolExists.o /Users/abhishekshivakumar/gamedev/shadow/Example/SpriteSheet/xbuild/CMakeFiles/CMakeTmp/CheckSymbolExists.c normal arm64 c com.apple.compilers.llvm.clang.1_0.compiler (in target 'cmTC_37056' from project 'CMAKE_TRY_COMPILE')
    cd /Users/abhishekshivakumar/gamedev/shadow/Example/SpriteSheet/xbuild/CMakeFiles/CMakeTmp
    /Applications/Xcode.app/Contents/Developer/Toolchains/XcodeDefault.xctoolchain/usr/bin/clang -x c -ivfsstatcache /var/folders/x5/smn11rt108jfspkvy3k6yl880000gn/C/com.apple.DeveloperTools/15.2-15C500b/Xcode/SDKStatCaches.noindex/macosx14.2-23C53-df0db8920d7ae99241a1bc0f08d2dced.sdkstatcache -target arm64-apple-macos14.2 -fmessage-length\=0 -fdiagnostics-show-note-include-stack -fmacro-backtrace-limit\=0 -fno-color-diagnostics -Wno-trigraphs -fpascal-strings -O0 -Wno-missing-field-initializers -Wno-missing-prototypes -Wno-return-type -Wno-missing-braces -Wparentheses -Wswitch -Wno-unused-function -Wno-unused-label -Wno-unused-parameter -Wno-unused-variable -Wunused-value -Wno-empty-body -Wno-uninitialized -Wno-unknown-pragmas -Wno-shadow -Wno-four-char-constants -Wno-conversion -Wno-constant-conversion -Wno-int-conversion -Wno-bool-conversion -Wno-enum-conversion -Wno-float-conversion -Wno-non-literal-null-conversion -Wno-objc-literal-conversion -Wshorten-64-to-32 -Wpointer-sign -Wno-newline-eof -Wno-implicit-fallthrough -DCMAKE_INTDIR\=\"Debug\" -isysroot /Applications/Xcode.app/Contents/Developer/Platforms/MacOSX.platform/Developer/SDKs/MacOSX14.2.sdk -fstrict-aliasing -Wdeprecated-declarations -g -Wno-sign-conversion -Wno-infinite-recursion -Wno-comma -Wno-block-capture-autoreleasing -Wno-strict-prototypes -Wno-semicolon-before-method-body -I/Users/abhishekshivakumar/gamedev/shadow/Example/SpriteSheet/xbuild/CMakeFiles/CMakeTmp/Debug/include -I/Users/abhishekshivakumar/gamedev/shadow/Example/SpriteSheet/xbuild/CMakeFiles/CMakeTmp/CMAKE_TRY_COMPILE.build/Debug/cmTC_37056.build/DerivedSources-normal/arm64 -I/Users/abhishekshivakumar/gamedev/shadow/Example/SpriteSheet/xbuild/CMakeFiles/CMakeTmp/CMAKE_TRY_COMPILE.build/Debug/cmTC_37056.build/DerivedSources/arm64 -I/Users/abhishekshivakumar/gamedev/shadow/Example/SpriteSheet/xbuild/CMakeFiles/CMakeTmp/CMAKE_TRY_COMPILE.build/Debug/cmTC_37056.build/DerivedSources -F/Users/abhishekshivakumar/gamedev/shadow/Example/SpriteSheet/xbuild/CMakeFiles/CMakeTmp/Debug -idirafter /Users/abhishekshivakumar/gamedev/shadow/Engine/dependencies/SDL/src/video/khronos -D_GNU_SOURCE\=1 -MMD -MT dependencies -MF /Users/abhishekshivakumar/gamedev/shadow/Example/SpriteSheet/xbuild/CMakeFiles/CMakeTmp/CMAKE_TRY_COMPILE.build/Debug/cmTC_37056.build/Objects-normal/arm64/CheckSymbolExists.d --serialize-diagnostics /Users/abhishekshivakumar/gamedev/shadow/Example/SpriteSheet/xbuild/CMakeFiles/CMakeTmp/CMAKE_TRY_COMPILE.build/Debug/cmTC_37056.build/Objects-normal/arm64/CheckSymbolExists.dia -c /Users/abhishekshivakumar/gamedev/shadow/Example/SpriteSheet/xbuild/CMakeFiles/CMakeTmp/CheckSymbolExists.c -o /Users/abhishekshivakumar/gamedev/shadow/Example/SpriteSheet/xbuild/CMakeFiles/CMakeTmp/CMAKE_TRY_COMPILE.build/Debug/cmTC_37056.build/Objects-normal/arm64/CheckSymbolExists.o
/Users/abhishekshivakumar/gamedev/shadow/Example/SpriteSheet/xbuild/CMakeFiles/CMakeTmp/CheckSymbolExists.c:14:19: error: use of undeclared identifier 'fopen64'; did you mean 'fopen'?
  return ((int*)(&fopen64))[argc];
                  ^~~~~~~
                  fopen
In file included from /Users/abhishekshivakumar/gamedev/shadow/Example/SpriteSheet/xbuild/CMakeFiles/CMakeTmp/CheckSymbolExists.c:6:
/Applications/Xcode.app/Contents/Developer/Platforms/MacOSX.platform/Developer/SDKs/MacOSX14.2.sdk/usr/include/stdio.h:145:7: note: 'fopen' declared here
FILE    *fopen(const char * __restrict __filename, const char * __restrict __mode) __DARWIN_ALIAS_STARTING(__MAC_10_6, __IPHONE_2_0, __DARWIN_ALIAS(fopen));
         ^
1 error generated.

** BUILD FAILED **


The following build commands failed:
	CompileC /Users/abhishekshivakumar/gamedev/shadow/Example/SpriteSheet/xbuild/CMakeFiles/CMakeTmp/CMAKE_TRY_COMPILE.build/Debug/cmTC_37056.build/Objects-normal/arm64/CheckSymbolExists.o /Users/abhishekshivakumar/gamedev/shadow/Example/SpriteSheet/xbuild/CMakeFiles/CMakeTmp/CheckSymbolExists.c normal arm64 c com.apple.compilers.llvm.clang.1_0.compiler (in target 'cmTC_37056' from project 'CMAKE_TRY_COMPILE')
(1 failure)


File /Users/abhishekshivakumar/gamedev/shadow/Example/SpriteSheet/xbuild/CMakeFiles/CMakeTmp/CheckSymbolExists.c:
/* */
#include <stddef.h>
#include <stdarg.h>
#include <stdlib.h>
#include <string.h>
#include <stdio.h>
#include <wchar.h>
#include <float.h>

int main(int argc, char** argv)
{
  (void)argv;
#ifndef fopen64
  return ((int*)(&fopen64))[argc];
#else
  (void)argc;
  return 0;
#endif
}
Determining if the fseeko64 exist failed with the following output:
Change Dir: /Users/abhishekshivakumar/gamedev/shadow/Example/SpriteSheet/xbuild/CMakeFiles/CMakeTmp

Run Build Command(s):/usr/bin/xcodebuild -project CMAKE_TRY_COMPILE.xcodeproj build -target cmTC_9ce3a -parallelizeTargets -configuration Debug -hideShellScriptEnvironment && Command line invocation:
    /Applications/Xcode.app/Contents/Developer/usr/bin/xcodebuild -project CMAKE_TRY_COMPILE.xcodeproj build -target cmTC_9ce3a -parallelizeTargets -configuration Debug -hideShellScriptEnvironment

User defaults from command line:
    HideShellScriptEnvironment = YES
    IDEPackageSupportUseBuiltinSCM = YES

ComputeTargetDependencyGraph
note: Building targets in dependency order
note: Target dependency graph (1 target)
    Target 'cmTC_9ce3a' in project 'CMAKE_TRY_COMPILE' (no dependencies)

GatherProvisioningInputs

CreateBuildDescription
Build description signature: b6f78be4c1f41d41069844ea10299960
Build description path: /Users/abhishekshivakumar/gamedev/shadow/Example/SpriteSheet/xbuild/CMakeFiles/CMakeTmp/build/XCBuildData/b6f78be4c1f41d41069844ea10299960.xcbuilddata

CreateBuildDirectory /Users/abhishekshivakumar/gamedev/shadow/Example/SpriteSheet/xbuild/CMakeFiles/CMakeTmp
    cd /Users/abhishekshivakumar/gamedev/shadow/Example/SpriteSheet/xbuild/CMakeFiles/CMakeTmp/CMAKE_TRY_COMPILE.xcodeproj
    builtin-create-build-directory /Users/abhishekshivakumar/gamedev/shadow/Example/SpriteSheet/xbuild/CMakeFiles/CMakeTmp

ClangStatCache /Applications/Xcode.app/Contents/Developer/Toolchains/XcodeDefault.xctoolchain/usr/bin/clang-stat-cache /Applications/Xcode.app/Contents/Developer/Platforms/MacOSX.platform/Developer/SDKs/MacOSX14.2.sdk /var/folders/x5/smn11rt108jfspkvy3k6yl880000gn/C/com.apple.DeveloperTools/15.2-15C500b/Xcode/SDKStatCaches.noindex/macosx14.2-23C53-df0db8920d7ae99241a1bc0f08d2dced.sdkstatcache
    cd /Users/abhishekshivakumar/gamedev/shadow/Example/SpriteSheet/xbuild/CMakeFiles/CMakeTmp/CMAKE_TRY_COMPILE.xcodeproj
    /Applications/Xcode.app/Contents/Developer/Toolchains/XcodeDefault.xctoolchain/usr/bin/clang-stat-cache /Applications/Xcode.app/Contents/Developer/Platforms/MacOSX.platform/Developer/SDKs/MacOSX14.2.sdk -o /var/folders/x5/smn11rt108jfspkvy3k6yl880000gn/C/com.apple.DeveloperTools/15.2-15C500b/Xcode/SDKStatCaches.noindex/macosx14.2-23C53-df0db8920d7ae99241a1bc0f08d2dced.sdkstatcache

CreateBuildDirectory /Users/abhishekshivakumar/gamedev/shadow/Example/SpriteSheet/xbuild/CMakeFiles/CMakeTmp/Debug
    cd /Users/abhishekshivakumar/gamedev/shadow/Example/SpriteSheet/xbuild/CMakeFiles/CMakeTmp/CMAKE_TRY_COMPILE.xcodeproj
    builtin-create-build-directory /Users/abhishekshivakumar/gamedev/shadow/Example/SpriteSheet/xbuild/CMakeFiles/CMakeTmp/Debug

CreateBuildDirectory /Users/abhishekshivakumar/gamedev/shadow/Example/SpriteSheet/xbuild/CMakeFiles/CMakeTmp/EagerLinkingTBDs/Debug
    cd /Users/abhishekshivakumar/gamedev/shadow/Example/SpriteSheet/xbuild/CMakeFiles/CMakeTmp/CMAKE_TRY_COMPILE.xcodeproj
    builtin-create-build-directory /Users/abhishekshivakumar/gamedev/shadow/Example/SpriteSheet/xbuild/CMakeFiles/CMakeTmp/EagerLinkingTBDs/Debug

WriteAuxiliaryFile /Users/abhishekshivakumar/gamedev/shadow/Example/SpriteSheet/xbuild/CMakeFiles/CMakeTmp/CMAKE_TRY_COMPILE.build/Debug/cmTC_9ce3a.build/Objects-normal/arm64/cmTC_9ce3a.LinkFileList (in target 'cmTC_9ce3a' from project 'CMAKE_TRY_COMPILE')
    cd /Users/abhishekshivakumar/gamedev/shadow/Example/SpriteSheet/xbuild/CMakeFiles/CMakeTmp
    write-file /Users/abhishekshivakumar/gamedev/shadow/Example/SpriteSheet/xbuild/CMakeFiles/CMakeTmp/CMAKE_TRY_COMPILE.build/Debug/cmTC_9ce3a.build/Objects-normal/arm64/cmTC_9ce3a.LinkFileList

CompileC /Users/abhishekshivakumar/gamedev/shadow/Example/SpriteSheet/xbuild/CMakeFiles/CMakeTmp/CMAKE_TRY_COMPILE.build/Debug/cmTC_9ce3a.build/Objects-normal/arm64/CheckSymbolExists.o /Users/abhishekshivakumar/gamedev/shadow/Example/SpriteSheet/xbuild/CMakeFiles/CMakeTmp/CheckSymbolExists.c normal arm64 c com.apple.compilers.llvm.clang.1_0.compiler (in target 'cmTC_9ce3a' from project 'CMAKE_TRY_COMPILE')
    cd /Users/abhishekshivakumar/gamedev/shadow/Example/SpriteSheet/xbuild/CMakeFiles/CMakeTmp
    /Applications/Xcode.app/Contents/Developer/Toolchains/XcodeDefault.xctoolchain/usr/bin/clang -x c -ivfsstatcache /var/folders/x5/smn11rt108jfspkvy3k6yl880000gn/C/com.apple.DeveloperTools/15.2-15C500b/Xcode/SDKStatCaches.noindex/macosx14.2-23C53-df0db8920d7ae99241a1bc0f08d2dced.sdkstatcache -target arm64-apple-macos14.2 -fmessage-length\=0 -fdiagnostics-show-note-include-stack -fmacro-backtrace-limit\=0 -fno-color-diagnostics -Wno-trigraphs -fpascal-strings -O0 -Wno-missing-field-initializers -Wno-missing-prototypes -Wno-return-type -Wno-missing-braces -Wparentheses -Wswitch -Wno-unused-function -Wno-unused-label -Wno-unused-parameter -Wno-unused-variable -Wunused-value -Wno-empty-body -Wno-uninitialized -Wno-unknown-pragmas -Wno-shadow -Wno-four-char-constants -Wno-conversion -Wno-constant-conversion -Wno-int-conversion -Wno-bool-conversion -Wno-enum-conversion -Wno-float-conversion -Wno-non-literal-null-conversion -Wno-objc-literal-conversion -Wshorten-64-to-32 -Wpointer-sign -Wno-newline-eof -Wno-implicit-fallthrough -DCMAKE_INTDIR\=\"Debug\" -isysroot /Applications/Xcode.app/Contents/Developer/Platforms/MacOSX.platform/Developer/SDKs/MacOSX14.2.sdk -fstrict-aliasing -Wdeprecated-declarations -g -Wno-sign-conversion -Wno-infinite-recursion -Wno-comma -Wno-block-capture-autoreleasing -Wno-strict-prototypes -Wno-semicolon-before-method-body -I/Users/abhishekshivakumar/gamedev/shadow/Example/SpriteSheet/xbuild/CMakeFiles/CMakeTmp/Debug/include -I/Users/abhishekshivakumar/gamedev/shadow/Example/SpriteSheet/xbuild/CMakeFiles/CMakeTmp/CMAKE_TRY_COMPILE.build/Debug/cmTC_9ce3a.build/DerivedSources-normal/arm64 -I/Users/abhishekshivakumar/gamedev/shadow/Example/SpriteSheet/xbuild/CMakeFiles/CMakeTmp/CMAKE_TRY_COMPILE.build/Debug/cmTC_9ce3a.build/DerivedSources/arm64 -I/Users/abhishekshivakumar/gamedev/shadow/Example/SpriteSheet/xbuild/CMakeFiles/CMakeTmp/CMAKE_TRY_COMPILE.build/Debug/cmTC_9ce3a.build/DerivedSources -F/Users/abhishekshivakumar/gamedev/shadow/Example/SpriteSheet/xbuild/CMakeFiles/CMakeTmp/Debug -idirafter /Users/abhishekshivakumar/gamedev/shadow/Engine/dependencies/SDL/src/video/khronos -D_GNU_SOURCE\=1 -MMD -MT dependencies -MF /Users/abhishekshivakumar/gamedev/shadow/Example/SpriteSheet/xbuild/CMakeFiles/CMakeTmp/CMAKE_TRY_COMPILE.build/Debug/cmTC_9ce3a.build/Objects-normal/arm64/CheckSymbolExists.d --serialize-diagnostics /Users/abhishekshivakumar/gamedev/shadow/Example/SpriteSheet/xbuild/CMakeFiles/CMakeTmp/CMAKE_TRY_COMPILE.build/Debug/cmTC_9ce3a.build/Objects-normal/arm64/CheckSymbolExists.dia -c /Users/abhishekshivakumar/gamedev/shadow/Example/SpriteSheet/xbuild/CMakeFiles/CMakeTmp/CheckSymbolExists.c -o /Users/abhishekshivakumar/gamedev/shadow/Example/SpriteSheet/xbuild/CMakeFiles/CMakeTmp/CMAKE_TRY_COMPILE.build/Debug/cmTC_9ce3a.build/Objects-normal/arm64/CheckSymbolExists.o
/Users/abhishekshivakumar/gamedev/shadow/Example/SpriteSheet/xbuild/CMakeFiles/CMakeTmp/CheckSymbolExists.c:14:19: error: use of undeclared identifier 'fseeko64'; did you mean 'fseeko'?
  return ((int*)(&fseeko64))[argc];
                  ^~~~~~~~
                  fseeko
In file included from /Users/abhishekshivakumar/gamedev/shadow/Example/SpriteSheet/xbuild/CMakeFiles/CMakeTmp/CheckSymbolExists.c:6:
/Applications/Xcode.app/Contents/Developer/Platforms/MacOSX.platform/Developer/SDKs/MacOSX14.2.sdk/usr/include/stdio.h:330:6: note: 'fseeko' declared here
int      fseeko(FILE * __stream, off_t __offset, int __whence);
         ^
1 error generated.

** BUILD FAILED **


The following build commands failed:
	CompileC /Users/abhishekshivakumar/gamedev/shadow/Example/SpriteSheet/xbuild/CMakeFiles/CMakeTmp/CMAKE_TRY_COMPILE.build/Debug/cmTC_9ce3a.build/Objects-normal/arm64/CheckSymbolExists.o /Users/abhishekshivakumar/gamedev/shadow/Example/SpriteSheet/xbuild/CMakeFiles/CMakeTmp/CheckSymbolExists.c normal arm64 c com.apple.compilers.llvm.clang.1_0.compiler (in target 'cmTC_9ce3a' from project 'CMAKE_TRY_COMPILE')
(1 failure)


File /Users/abhishekshivakumar/gamedev/shadow/Example/SpriteSheet/xbuild/CMakeFiles/CMakeTmp/CheckSymbolExists.c:
/* */
#include <stddef.h>
#include <stdarg.h>
#include <stdlib.h>
#include <string.h>
#include <stdio.h>
#include <wchar.h>
#include <float.h>

int main(int argc, char** argv)
{
  (void)argv;
#ifndef fseeko64
  return ((int*)(&fseeko64))[argc];
#else
  (void)argc;
  return 0;
#endif
}
Determining if the getauxval exist failed with the following output:
Change Dir: /Users/abhishekshivakumar/gamedev/shadow/Example/SpriteSheet/xbuild/CMakeFiles/CMakeTmp

Run Build Command(s):/usr/bin/xcodebuild -project CMAKE_TRY_COMPILE.xcodeproj build -target cmTC_cddf3 -parallelizeTargets -configuration Debug -hideShellScriptEnvironment && Command line invocation:
    /Applications/Xcode.app/Contents/Developer/usr/bin/xcodebuild -project CMAKE_TRY_COMPILE.xcodeproj build -target cmTC_cddf3 -parallelizeTargets -configuration Debug -hideShellScriptEnvironment

User defaults from command line:
    HideShellScriptEnvironment = YES
    IDEPackageSupportUseBuiltinSCM = YES

ComputeTargetDependencyGraph
note: Building targets in dependency order
note: Target dependency graph (1 target)
    Target 'cmTC_cddf3' in project 'CMAKE_TRY_COMPILE' (no dependencies)

GatherProvisioningInputs

CreateBuildDescription
Build description signature: 8dd25b4353f86202e74a07b2475a0439
Build description path: /Users/abhishekshivakumar/gamedev/shadow/Example/SpriteSheet/xbuild/CMakeFiles/CMakeTmp/build/XCBuildData/8dd25b4353f86202e74a07b2475a0439.xcbuilddata

CreateBuildDirectory /Users/abhishekshivakumar/gamedev/shadow/Example/SpriteSheet/xbuild/CMakeFiles/CMakeTmp
    cd /Users/abhishekshivakumar/gamedev/shadow/Example/SpriteSheet/xbuild/CMakeFiles/CMakeTmp/CMAKE_TRY_COMPILE.xcodeproj
    builtin-create-build-directory /Users/abhishekshivakumar/gamedev/shadow/Example/SpriteSheet/xbuild/CMakeFiles/CMakeTmp

ClangStatCache /Applications/Xcode.app/Contents/Developer/Toolchains/XcodeDefault.xctoolchain/usr/bin/clang-stat-cache /Applications/Xcode.app/Contents/Developer/Platforms/MacOSX.platform/Developer/SDKs/MacOSX14.2.sdk /var/folders/x5/smn11rt108jfspkvy3k6yl880000gn/C/com.apple.DeveloperTools/15.2-15C500b/Xcode/SDKStatCaches.noindex/macosx14.2-23C53-df0db8920d7ae99241a1bc0f08d2dced.sdkstatcache
    cd /Users/abhishekshivakumar/gamedev/shadow/Example/SpriteSheet/xbuild/CMakeFiles/CMakeTmp/CMAKE_TRY_COMPILE.xcodeproj
    /Applications/Xcode.app/Contents/Developer/Toolchains/XcodeDefault.xctoolchain/usr/bin/clang-stat-cache /Applications/Xcode.app/Contents/Developer/Platforms/MacOSX.platform/Developer/SDKs/MacOSX14.2.sdk -o /var/folders/x5/smn11rt108jfspkvy3k6yl880000gn/C/com.apple.DeveloperTools/15.2-15C500b/Xcode/SDKStatCaches.noindex/macosx14.2-23C53-df0db8920d7ae99241a1bc0f08d2dced.sdkstatcache

CreateBuildDirectory /Users/abhishekshivakumar/gamedev/shadow/Example/SpriteSheet/xbuild/CMakeFiles/CMakeTmp/Debug
    cd /Users/abhishekshivakumar/gamedev/shadow/Example/SpriteSheet/xbuild/CMakeFiles/CMakeTmp/CMAKE_TRY_COMPILE.xcodeproj
    builtin-create-build-directory /Users/abhishekshivakumar/gamedev/shadow/Example/SpriteSheet/xbuild/CMakeFiles/CMakeTmp/Debug

CreateBuildDirectory /Users/abhishekshivakumar/gamedev/shadow/Example/SpriteSheet/xbuild/CMakeFiles/CMakeTmp/EagerLinkingTBDs/Debug
    cd /Users/abhishekshivakumar/gamedev/shadow/Example/SpriteSheet/xbuild/CMakeFiles/CMakeTmp/CMAKE_TRY_COMPILE.xcodeproj
    builtin-create-build-directory /Users/abhishekshivakumar/gamedev/shadow/Example/SpriteSheet/xbuild/CMakeFiles/CMakeTmp/EagerLinkingTBDs/Debug

WriteAuxiliaryFile /Users/abhishekshivakumar/gamedev/shadow/Example/SpriteSheet/xbuild/CMakeFiles/CMakeTmp/CMAKE_TRY_COMPILE.build/Debug/cmTC_cddf3.build/Objects-normal/arm64/cmTC_cddf3.LinkFileList (in target 'cmTC_cddf3' from project 'CMAKE_TRY_COMPILE')
    cd /Users/abhishekshivakumar/gamedev/shadow/Example/SpriteSheet/xbuild/CMakeFiles/CMakeTmp
    write-file /Users/abhishekshivakumar/gamedev/shadow/Example/SpriteSheet/xbuild/CMakeFiles/CMakeTmp/CMAKE_TRY_COMPILE.build/Debug/cmTC_cddf3.build/Objects-normal/arm64/cmTC_cddf3.LinkFileList

CompileC /Users/abhishekshivakumar/gamedev/shadow/Example/SpriteSheet/xbuild/CMakeFiles/CMakeTmp/CMAKE_TRY_COMPILE.build/Debug/cmTC_cddf3.build/Objects-normal/arm64/CheckSymbolExists.o /Users/abhishekshivakumar/gamedev/shadow/Example/SpriteSheet/xbuild/CMakeFiles/CMakeTmp/CheckSymbolExists.c normal arm64 c com.apple.compilers.llvm.clang.1_0.compiler (in target 'cmTC_cddf3' from project 'CMAKE_TRY_COMPILE')
    cd /Users/abhishekshivakumar/gamedev/shadow/Example/SpriteSheet/xbuild/CMakeFiles/CMakeTmp
    /Applications/Xcode.app/Contents/Developer/Toolchains/XcodeDefault.xctoolchain/usr/bin/clang -x c -ivfsstatcache /var/folders/x5/smn11rt108jfspkvy3k6yl880000gn/C/com.apple.DeveloperTools/15.2-15C500b/Xcode/SDKStatCaches.noindex/macosx14.2-23C53-df0db8920d7ae99241a1bc0f08d2dced.sdkstatcache -target arm64-apple-macos14.2 -fmessage-length\=0 -fdiagnostics-show-note-include-stack -fmacro-backtrace-limit\=0 -fno-color-diagnostics -Wno-trigraphs -fpascal-strings -O0 -Wno-missing-field-initializers -Wno-missing-prototypes -Wno-return-type -Wno-missing-braces -Wparentheses -Wswitch -Wno-unused-function -Wno-unused-label -Wno-unused-parameter -Wno-unused-variable -Wunused-value -Wno-empty-body -Wno-uninitialized -Wno-unknown-pragmas -Wno-shadow -Wno-four-char-constants -Wno-conversion -Wno-constant-conversion -Wno-int-conversion -Wno-bool-conversion -Wno-enum-conversion -Wno-float-conversion -Wno-non-literal-null-conversion -Wno-objc-literal-conversion -Wshorten-64-to-32 -Wpointer-sign -Wno-newline-eof -Wno-implicit-fallthrough -DCMAKE_INTDIR\=\"Debug\" -isysroot /Applications/Xcode.app/Contents/Developer/Platforms/MacOSX.platform/Developer/SDKs/MacOSX14.2.sdk -fstrict-aliasing -Wdeprecated-declarations -g -Wno-sign-conversion -Wno-infinite-recursion -Wno-comma -Wno-block-capture-autoreleasing -Wno-strict-prototypes -Wno-semicolon-before-method-body -I/Users/abhishekshivakumar/gamedev/shadow/Example/SpriteSheet/xbuild/CMakeFiles/CMakeTmp/Debug/include -I/Users/abhishekshivakumar/gamedev/shadow/Example/SpriteSheet/xbuild/CMakeFiles/CMakeTmp/CMAKE_TRY_COMPILE.build/Debug/cmTC_cddf3.build/DerivedSources-normal/arm64 -I/Users/abhishekshivakumar/gamedev/shadow/Example/SpriteSheet/xbuild/CMakeFiles/CMakeTmp/CMAKE_TRY_COMPILE.build/Debug/cmTC_cddf3.build/DerivedSources/arm64 -I/Users/abhishekshivakumar/gamedev/shadow/Example/SpriteSheet/xbuild/CMakeFiles/CMakeTmp/CMAKE_TRY_COMPILE.build/Debug/cmTC_cddf3.build/DerivedSources -F/Users/abhishekshivakumar/gamedev/shadow/Example/SpriteSheet/xbuild/CMakeFiles/CMakeTmp/Debug -idirafter /Users/abhishekshivakumar/gamedev/shadow/Engine/dependencies/SDL/src/video/khronos -D_GNU_SOURCE\=1 -MMD -MT dependencies -MF /Users/abhishekshivakumar/gamedev/shadow/Example/SpriteSheet/xbuild/CMakeFiles/CMakeTmp/CMAKE_TRY_COMPILE.build/Debug/cmTC_cddf3.build/Objects-normal/arm64/CheckSymbolExists.d --serialize-diagnostics /Users/abhishekshivakumar/gamedev/shadow/Example/SpriteSheet/xbuild/CMakeFiles/CMakeTmp/CMAKE_TRY_COMPILE.build/Debug/cmTC_cddf3.build/Objects-normal/arm64/CheckSymbolExists.dia -c /Users/abhishekshivakumar/gamedev/shadow/Example/SpriteSheet/xbuild/CMakeFiles/CMakeTmp/CheckSymbolExists.c -o /Users/abhishekshivakumar/gamedev/shadow/Example/SpriteSheet/xbuild/CMakeFiles/CMakeTmp/CMAKE_TRY_COMPILE.build/Debug/cmTC_cddf3.build/Objects-normal/arm64/CheckSymbolExists.o
/Users/abhishekshivakumar/gamedev/shadow/Example/SpriteSheet/xbuild/CMakeFiles/CMakeTmp/CheckSymbolExists.c:2:10: fatal error: 'sys/auxv.h' file not found
#include <sys/auxv.h>
         ^~~~~~~~~~~~
1 error generated.

** BUILD FAILED **


The following build commands failed:
	CompileC /Users/abhishekshivakumar/gamedev/shadow/Example/SpriteSheet/xbuild/CMakeFiles/CMakeTmp/CMAKE_TRY_COMPILE.build/Debug/cmTC_cddf3.build/Objects-normal/arm64/CheckSymbolExists.o /Users/abhishekshivakumar/gamedev/shadow/Example/SpriteSheet/xbuild/CMakeFiles/CMakeTmp/CheckSymbolExists.c normal arm64 c com.apple.compilers.llvm.clang.1_0.compiler (in target 'cmTC_cddf3' from project 'CMAKE_TRY_COMPILE')
(1 failure)


File /Users/abhishekshivakumar/gamedev/shadow/Example/SpriteSheet/xbuild/CMakeFiles/CMakeTmp/CheckSymbolExists.c:
/* */
#include <sys/auxv.h>

int main(int argc, char** argv)
{
  (void)argv;
#ifndef getauxval
  return ((int*)(&getauxval))[argc];
#else
  (void)argc;
  return 0;
#endif
}
Determining if the elf_aux_info exist failed with the following output:
Change Dir: /Users/abhishekshivakumar/gamedev/shadow/Example/SpriteSheet/xbuild/CMakeFiles/CMakeTmp

Run Build Command(s):/usr/bin/xcodebuild -project CMAKE_TRY_COMPILE.xcodeproj build -target cmTC_75eff -parallelizeTargets -configuration Debug -hideShellScriptEnvironment && Command line invocation:
    /Applications/Xcode.app/Contents/Developer/usr/bin/xcodebuild -project CMAKE_TRY_COMPILE.xcodeproj build -target cmTC_75eff -parallelizeTargets -configuration Debug -hideShellScriptEnvironment

User defaults from command line:
    HideShellScriptEnvironment = YES
    IDEPackageSupportUseBuiltinSCM = YES

ComputeTargetDependencyGraph
note: Building targets in dependency order
note: Target dependency graph (1 target)
    Target 'cmTC_75eff' in project 'CMAKE_TRY_COMPILE' (no dependencies)

GatherProvisioningInputs

CreateBuildDescription
Build description signature: 5b5dc2fa74f6e1fe2c8284e9af1adf8f
Build description path: /Users/abhishekshivakumar/gamedev/shadow/Example/SpriteSheet/xbuild/CMakeFiles/CMakeTmp/build/XCBuildData/5b5dc2fa74f6e1fe2c8284e9af1adf8f.xcbuilddata

ClangStatCache /Applications/Xcode.app/Contents/Developer/Toolchains/XcodeDefault.xctoolchain/usr/bin/clang-stat-cache /Applications/Xcode.app/Contents/Developer/Platforms/MacOSX.platform/Developer/SDKs/MacOSX14.2.sdk /var/folders/x5/smn11rt108jfspkvy3k6yl880000gn/C/com.apple.DeveloperTools/15.2-15C500b/Xcode/SDKStatCaches.noindex/macosx14.2-23C53-df0db8920d7ae99241a1bc0f08d2dced.sdkstatcache
    cd /Users/abhishekshivakumar/gamedev/shadow/Example/SpriteSheet/xbuild/CMakeFiles/CMakeTmp/CMAKE_TRY_COMPILE.xcodeproj
    /Applications/Xcode.app/Contents/Developer/Toolchains/XcodeDefault.xctoolchain/usr/bin/clang-stat-cache /Applications/Xcode.app/Contents/Developer/Platforms/MacOSX.platform/Developer/SDKs/MacOSX14.2.sdk -o /var/folders/x5/smn11rt108jfspkvy3k6yl880000gn/C/com.apple.DeveloperTools/15.2-15C500b/Xcode/SDKStatCaches.noindex/macosx14.2-23C53-df0db8920d7ae99241a1bc0f08d2dced.sdkstatcache

CreateBuildDirectory /Users/abhishekshivakumar/gamedev/shadow/Example/SpriteSheet/xbuild/CMakeFiles/CMakeTmp
    cd /Users/abhishekshivakumar/gamedev/shadow/Example/SpriteSheet/xbuild/CMakeFiles/CMakeTmp/CMAKE_TRY_COMPILE.xcodeproj
    builtin-create-build-directory /Users/abhishekshivakumar/gamedev/shadow/Example/SpriteSheet/xbuild/CMakeFiles/CMakeTmp

CreateBuildDirectory /Users/abhishekshivakumar/gamedev/shadow/Example/SpriteSheet/xbuild/CMakeFiles/CMakeTmp/EagerLinkingTBDs/Debug
    cd /Users/abhishekshivakumar/gamedev/shadow/Example/SpriteSheet/xbuild/CMakeFiles/CMakeTmp/CMAKE_TRY_COMPILE.xcodeproj
    builtin-create-build-directory /Users/abhishekshivakumar/gamedev/shadow/Example/SpriteSheet/xbuild/CMakeFiles/CMakeTmp/EagerLinkingTBDs/Debug

CreateBuildDirectory /Users/abhishekshivakumar/gamedev/shadow/Example/SpriteSheet/xbuild/CMakeFiles/CMakeTmp/Debug
    cd /Users/abhishekshivakumar/gamedev/shadow/Example/SpriteSheet/xbuild/CMakeFiles/CMakeTmp/CMAKE_TRY_COMPILE.xcodeproj
    builtin-create-build-directory /Users/abhishekshivakumar/gamedev/shadow/Example/SpriteSheet/xbuild/CMakeFiles/CMakeTmp/Debug

WriteAuxiliaryFile /Users/abhishekshivakumar/gamedev/shadow/Example/SpriteSheet/xbuild/CMakeFiles/CMakeTmp/CMAKE_TRY_COMPILE.build/Debug/cmTC_75eff.build/Objects-normal/arm64/cmTC_75eff.LinkFileList (in target 'cmTC_75eff' from project 'CMAKE_TRY_COMPILE')
    cd /Users/abhishekshivakumar/gamedev/shadow/Example/SpriteSheet/xbuild/CMakeFiles/CMakeTmp
    write-file /Users/abhishekshivakumar/gamedev/shadow/Example/SpriteSheet/xbuild/CMakeFiles/CMakeTmp/CMAKE_TRY_COMPILE.build/Debug/cmTC_75eff.build/Objects-normal/arm64/cmTC_75eff.LinkFileList

CompileC /Users/abhishekshivakumar/gamedev/shadow/Example/SpriteSheet/xbuild/CMakeFiles/CMakeTmp/CMAKE_TRY_COMPILE.build/Debug/cmTC_75eff.build/Objects-normal/arm64/CheckSymbolExists.o /Users/abhishekshivakumar/gamedev/shadow/Example/SpriteSheet/xbuild/CMakeFiles/CMakeTmp/CheckSymbolExists.c normal arm64 c com.apple.compilers.llvm.clang.1_0.compiler (in target 'cmTC_75eff' from project 'CMAKE_TRY_COMPILE')
    cd /Users/abhishekshivakumar/gamedev/shadow/Example/SpriteSheet/xbuild/CMakeFiles/CMakeTmp
    /Applications/Xcode.app/Contents/Developer/Toolchains/XcodeDefault.xctoolchain/usr/bin/clang -x c -ivfsstatcache /var/folders/x5/smn11rt108jfspkvy3k6yl880000gn/C/com.apple.DeveloperTools/15.2-15C500b/Xcode/SDKStatCaches.noindex/macosx14.2-23C53-df0db8920d7ae99241a1bc0f08d2dced.sdkstatcache -target arm64-apple-macos14.2 -fmessage-length\=0 -fdiagnostics-show-note-include-stack -fmacro-backtrace-limit\=0 -fno-color-diagnostics -Wno-trigraphs -fpascal-strings -O0 -Wno-missing-field-initializers -Wno-missing-prototypes -Wno-return-type -Wno-missing-braces -Wparentheses -Wswitch -Wno-unused-function -Wno-unused-label -Wno-unused-parameter -Wno-unused-variable -Wunused-value -Wno-empty-body -Wno-uninitialized -Wno-unknown-pragmas -Wno-shadow -Wno-four-char-constants -Wno-conversion -Wno-constant-conversion -Wno-int-conversion -Wno-bool-conversion -Wno-enum-conversion -Wno-float-conversion -Wno-non-literal-null-conversion -Wno-objc-literal-conversion -Wshorten-64-to-32 -Wpointer-sign -Wno-newline-eof -Wno-implicit-fallthrough -DCMAKE_INTDIR\=\"Debug\" -isysroot /Applications/Xcode.app/Contents/Developer/Platforms/MacOSX.platform/Developer/SDKs/MacOSX14.2.sdk -fstrict-aliasing -Wdeprecated-declarations -g -Wno-sign-conversion -Wno-infinite-recursion -Wno-comma -Wno-block-capture-autoreleasing -Wno-strict-prototypes -Wno-semicolon-before-method-body -I/Users/abhishekshivakumar/gamedev/shadow/Example/SpriteSheet/xbuild/CMakeFiles/CMakeTmp/Debug/include -I/Users/abhishekshivakumar/gamedev/shadow/Example/SpriteSheet/xbuild/CMakeFiles/CMakeTmp/CMAKE_TRY_COMPILE.build/Debug/cmTC_75eff.build/DerivedSources-normal/arm64 -I/Users/abhishekshivakumar/gamedev/shadow/Example/SpriteSheet/xbuild/CMakeFiles/CMakeTmp/CMAKE_TRY_COMPILE.build/Debug/cmTC_75eff.build/DerivedSources/arm64 -I/Users/abhishekshivakumar/gamedev/shadow/Example/SpriteSheet/xbuild/CMakeFiles/CMakeTmp/CMAKE_TRY_COMPILE.build/Debug/cmTC_75eff.build/DerivedSources -F/Users/abhishekshivakumar/gamedev/shadow/Example/SpriteSheet/xbuild/CMakeFiles/CMakeTmp/Debug -idirafter /Users/abhishekshivakumar/gamedev/shadow/Engine/dependencies/SDL/src/video/khronos -D_GNU_SOURCE\=1 -MMD -MT dependencies -MF /Users/abhishekshivakumar/gamedev/shadow/Example/SpriteSheet/xbuild/CMakeFiles/CMakeTmp/CMAKE_TRY_COMPILE.build/Debug/cmTC_75eff.build/Objects-normal/arm64/CheckSymbolExists.d --serialize-diagnostics /Users/abhishekshivakumar/gamedev/shadow/Example/SpriteSheet/xbuild/CMakeFiles/CMakeTmp/CMAKE_TRY_COMPILE.build/Debug/cmTC_75eff.build/Objects-normal/arm64/CheckSymbolExists.dia -c /Users/abhishekshivakumar/gamedev/shadow/Example/SpriteSheet/xbuild/CMakeFiles/CMakeTmp/CheckSymbolExists.c -o /Users/abhishekshivakumar/gamedev/shadow/Example/SpriteSheet/xbuild/CMakeFiles/CMakeTmp/CMAKE_TRY_COMPILE.build/Debug/cmTC_75eff.build/Objects-normal/arm64/CheckSymbolExists.o
/Users/abhishekshivakumar/gamedev/shadow/Example/SpriteSheet/xbuild/CMakeFiles/CMakeTmp/CheckSymbolExists.c:2:10: fatal error: 'sys/auxv.h' file not found
#include <sys/auxv.h>
         ^~~~~~~~~~~~
1 error generated.

** BUILD FAILED **


The following build commands failed:
	CompileC /Users/abhishekshivakumar/gamedev/shadow/Example/SpriteSheet/xbuild/CMakeFiles/CMakeTmp/CMAKE_TRY_COMPILE.build/Debug/cmTC_75eff.build/Objects-normal/arm64/CheckSymbolExists.o /Users/abhishekshivakumar/gamedev/shadow/Example/SpriteSheet/xbuild/CMakeFiles/CMakeTmp/CheckSymbolExists.c normal arm64 c com.apple.compilers.llvm.clang.1_0.compiler (in target 'cmTC_75eff' from project 'CMAKE_TRY_COMPILE')
(1 failure)


File /Users/abhishekshivakumar/gamedev/shadow/Example/SpriteSheet/xbuild/CMakeFiles/CMakeTmp/CheckSymbolExists.c:
/* */
#include <sys/auxv.h>

int main(int argc, char** argv)
{
  (void)argv;
#ifndef elf_aux_info
  return ((int*)(&elf_aux_info))[argc];
#else
  (void)argc;
  return 0;
#endif
}
Performing C SOURCE FILE Test HAVE_SEM_TIMEDWAIT failed with the following output:
Change Dir: /Users/abhishekshivakumar/gamedev/shadow/Example/SpriteSheet/xbuild/CMakeFiles/CMakeTmp

Run Build Command(s):/usr/bin/xcodebuild -project CMAKE_TRY_COMPILE.xcodeproj build -target cmTC_975c4 -parallelizeTargets -configuration Debug -hideShellScriptEnvironment && Command line invocation:
    /Applications/Xcode.app/Contents/Developer/usr/bin/xcodebuild -project CMAKE_TRY_COMPILE.xcodeproj build -target cmTC_975c4 -parallelizeTargets -configuration Debug -hideShellScriptEnvironment

User defaults from command line:
    HideShellScriptEnvironment = YES
    IDEPackageSupportUseBuiltinSCM = YES

ComputeTargetDependencyGraph
note: Building targets in dependency order
note: Target dependency graph (1 target)
    Target 'cmTC_975c4' in project 'CMAKE_TRY_COMPILE' (no dependencies)

GatherProvisioningInputs

CreateBuildDescription
Build description signature: 63f42d9098f84b00b4229dfcd565876d
Build description path: /Users/abhishekshivakumar/gamedev/shadow/Example/SpriteSheet/xbuild/CMakeFiles/CMakeTmp/build/XCBuildData/63f42d9098f84b00b4229dfcd565876d.xcbuilddata

CreateBuildDirectory /Users/abhishekshivakumar/gamedev/shadow/Example/SpriteSheet/xbuild/CMakeFiles/CMakeTmp
    cd /Users/abhishekshivakumar/gamedev/shadow/Example/SpriteSheet/xbuild/CMakeFiles/CMakeTmp/CMAKE_TRY_COMPILE.xcodeproj
    builtin-create-build-directory /Users/abhishekshivakumar/gamedev/shadow/Example/SpriteSheet/xbuild/CMakeFiles/CMakeTmp

ClangStatCache /Applications/Xcode.app/Contents/Developer/Toolchains/XcodeDefault.xctoolchain/usr/bin/clang-stat-cache /Applications/Xcode.app/Contents/Developer/Platforms/MacOSX.platform/Developer/SDKs/MacOSX14.2.sdk /var/folders/x5/smn11rt108jfspkvy3k6yl880000gn/C/com.apple.DeveloperTools/15.2-15C500b/Xcode/SDKStatCaches.noindex/macosx14.2-23C53-df0db8920d7ae99241a1bc0f08d2dced.sdkstatcache
    cd /Users/abhishekshivakumar/gamedev/shadow/Example/SpriteSheet/xbuild/CMakeFiles/CMakeTmp/CMAKE_TRY_COMPILE.xcodeproj
    /Applications/Xcode.app/Contents/Developer/Toolchains/XcodeDefault.xctoolchain/usr/bin/clang-stat-cache /Applications/Xcode.app/Contents/Developer/Platforms/MacOSX.platform/Developer/SDKs/MacOSX14.2.sdk -o /var/folders/x5/smn11rt108jfspkvy3k6yl880000gn/C/com.apple.DeveloperTools/15.2-15C500b/Xcode/SDKStatCaches.noindex/macosx14.2-23C53-df0db8920d7ae99241a1bc0f08d2dced.sdkstatcache

CreateBuildDirectory /Users/abhishekshivakumar/gamedev/shadow/Example/SpriteSheet/xbuild/CMakeFiles/CMakeTmp/Debug
    cd /Users/abhishekshivakumar/gamedev/shadow/Example/SpriteSheet/xbuild/CMakeFiles/CMakeTmp/CMAKE_TRY_COMPILE.xcodeproj
    builtin-create-build-directory /Users/abhishekshivakumar/gamedev/shadow/Example/SpriteSheet/xbuild/CMakeFiles/CMakeTmp/Debug

CreateBuildDirectory /Users/abhishekshivakumar/gamedev/shadow/Example/SpriteSheet/xbuild/CMakeFiles/CMakeTmp/EagerLinkingTBDs/Debug
    cd /Users/abhishekshivakumar/gamedev/shadow/Example/SpriteSheet/xbuild/CMakeFiles/CMakeTmp/CMAKE_TRY_COMPILE.xcodeproj
    builtin-create-build-directory /Users/abhishekshivakumar/gamedev/shadow/Example/SpriteSheet/xbuild/CMakeFiles/CMakeTmp/EagerLinkingTBDs/Debug

WriteAuxiliaryFile /Users/abhishekshivakumar/gamedev/shadow/Example/SpriteSheet/xbuild/CMakeFiles/CMakeTmp/CMAKE_TRY_COMPILE.build/Debug/cmTC_975c4.build/Objects-normal/arm64/cmTC_975c4.LinkFileList (in target 'cmTC_975c4' from project 'CMAKE_TRY_COMPILE')
    cd /Users/abhishekshivakumar/gamedev/shadow/Example/SpriteSheet/xbuild/CMakeFiles/CMakeTmp
    write-file /Users/abhishekshivakumar/gamedev/shadow/Example/SpriteSheet/xbuild/CMakeFiles/CMakeTmp/CMAKE_TRY_COMPILE.build/Debug/cmTC_975c4.build/Objects-normal/arm64/cmTC_975c4.LinkFileList

CompileC /Users/abhishekshivakumar/gamedev/shadow/Example/SpriteSheet/xbuild/CMakeFiles/CMakeTmp/CMAKE_TRY_COMPILE.build/Debug/cmTC_975c4.build/Objects-normal/arm64/src.o /Users/abhishekshivakumar/gamedev/shadow/Example/SpriteSheet/xbuild/CMakeFiles/CMakeTmp/src.c normal arm64 c com.apple.compilers.llvm.clang.1_0.compiler (in target 'cmTC_975c4' from project 'CMAKE_TRY_COMPILE')
    cd /Users/abhishekshivakumar/gamedev/shadow/Example/SpriteSheet/xbuild/CMakeFiles/CMakeTmp
    /Applications/Xcode.app/Contents/Developer/Toolchains/XcodeDefault.xctoolchain/usr/bin/clang -x c -ivfsstatcache /var/folders/x5/smn11rt108jfspkvy3k6yl880000gn/C/com.apple.DeveloperTools/15.2-15C500b/Xcode/SDKStatCaches.noindex/macosx14.2-23C53-df0db8920d7ae99241a1bc0f08d2dced.sdkstatcache -target arm64-apple-macos14.2 -fmessage-length\=0 -fdiagnostics-show-note-include-stack -fmacro-backtrace-limit\=0 -fno-color-diagnostics -Wno-trigraphs -fpascal-strings -O0 -Wno-missing-field-initializers -Wno-missing-prototypes -Wno-return-type -Wno-missing-braces -Wparentheses -Wswitch -Wno-unused-function -Wno-unused-label -Wno-unused-parameter -Wno-unused-variable -Wunused-value -Wno-empty-body -Wno-uninitialized -Wno-unknown-pragmas -Wno-shadow -Wno-four-char-constants -Wno-conversion -Wno-constant-conversion -Wno-int-conversion -Wno-bool-conversion -Wno-enum-conversion -Wno-float-conversion -Wno-non-literal-null-conversion -Wno-objc-literal-conversion -Wshorten-64-to-32 -Wpointer-sign -Wno-newline-eof -Wno-implicit-fallthrough -DCMAKE_INTDIR\=\"Debug\" -DHAVE_SEM_TIMEDWAIT -isysroot /Applications/Xcode.app/Contents/Developer/Platforms/MacOSX.platform/Developer/SDKs/MacOSX14.2.sdk -fstrict-aliasing -Wdeprecated-declarations -g -Wno-sign-conversion -Wno-infinite-recursion -Wno-comma -Wno-block-capture-autoreleasing -Wno-strict-prototypes -Wno-semicolon-before-method-body -I/Users/abhishekshivakumar/gamedev/shadow/Example/SpriteSheet/xbuild/CMakeFiles/CMakeTmp/Debug/include -I/Users/abhishekshivakumar/gamedev/shadow/Example/SpriteSheet/xbuild/CMakeFiles/CMakeTmp/CMAKE_TRY_COMPILE.build/Debug/cmTC_975c4.build/DerivedSources-normal/arm64 -I/Users/abhishekshivakumar/gamedev/shadow/Example/SpriteSheet/xbuild/CMakeFiles/CMakeTmp/CMAKE_TRY_COMPILE.build/Debug/cmTC_975c4.build/DerivedSources/arm64 -I/Users/abhishekshivakumar/gamedev/shadow/Example/SpriteSheet/xbuild/CMakeFiles/CMakeTmp/CMAKE_TRY_COMPILE.build/Debug/cmTC_975c4.build/DerivedSources -F/Users/abhishekshivakumar/gamedev/shadow/Example/SpriteSheet/xbuild/CMakeFiles/CMakeTmp/Debug -idirafter /Users/abhishekshivakumar/gamedev/shadow/Engine/dependencies/SDL/src/video/khronos -D_GNU_SOURCE\=1 -D_THREAD_SAFE -MMD -MT dependencies -MF /Users/abhishekshivakumar/gamedev/shadow/Example/SpriteSheet/xbuild/CMakeFiles/CMakeTmp/CMAKE_TRY_COMPILE.build/Debug/cmTC_975c4.build/Objects-normal/arm64/src.d --serialize-diagnostics /Users/abhishekshivakumar/gamedev/shadow/Example/SpriteSheet/xbuild/CMakeFiles/CMakeTmp/CMAKE_TRY_COMPILE.build/Debug/cmTC_975c4.build/Objects-normal/arm64/src.dia -c /Users/abhishekshivakumar/gamedev/shadow/Example/SpriteSheet/xbuild/CMakeFiles/CMakeTmp/src.c -o /Users/abhishekshivakumar/gamedev/shadow/Example/SpriteSheet/xbuild/CMakeFiles/CMakeTmp/CMAKE_TRY_COMPILE.build/Debug/cmTC_975c4.build/Objects-normal/arm64/src.o
/Users/abhishekshivakumar/gamedev/shadow/Example/SpriteSheet/xbuild/CMakeFiles/CMakeTmp/src.c:5:19: error: call to undeclared function 'sem_timedwait'; ISO C99 and later do not support implicit function declarations [-Wimplicit-function-declaration]
                  sem_timedwait(NULL, NULL);
                  ^
/Users/abhishekshivakumar/gamedev/shadow/Example/SpriteSheet/xbuild/CMakeFiles/CMakeTmp/src.c:5:19: note: did you mean 'sem_trywait'?
In file included from /Users/abhishekshivakumar/gamedev/shadow/Example/SpriteSheet/xbuild/CMakeFiles/CMakeTmp/src.c:3:
In file included from /Applications/Xcode.app/Contents/Developer/Platforms/MacOSX.platform/Developer/SDKs/MacOSX14.2.sdk/usr/include/semaphore.h:29:
/Applications/Xcode.app/Contents/Developer/Platforms/MacOSX.platform/Developer/SDKs/MacOSX14.2.sdk/usr/include/sys/semaphore.h:58:5: note: 'sem_trywait' declared here
int sem_trywait(sem_t *);
    ^
1 error generated.

** BUILD FAILED **


The following build commands failed:
	CompileC /Users/abhishekshivakumar/gamedev/shadow/Example/SpriteSheet/xbuild/CMakeFiles/CMakeTmp/CMAKE_TRY_COMPILE.build/Debug/cmTC_975c4.build/Objects-normal/arm64/src.o /Users/abhishekshivakumar/gamedev/shadow/Example/SpriteSheet/xbuild/CMakeFiles/CMakeTmp/src.c normal arm64 c com.apple.compilers.llvm.clang.1_0.compiler (in target 'cmTC_975c4' from project 'CMAKE_TRY_COMPILE')
(1 failure)


Source file was:

              #include <pthread.h>
              #include <semaphore.h>
              int main(int argc, char **argv) {
                  sem_timedwait(NULL, NULL);
                  return 0;
              }
Determining if files pthread_np.h exist failed with the following output:
Change Dir: /Users/abhishekshivakumar/gamedev/shadow/Example/SpriteSheet/xbuild/CMakeFiles/CMakeTmp

Run Build Command(s):/usr/bin/xcodebuild -project CMAKE_TRY_COMPILE.xcodeproj build -target cmTC_88139 -parallelizeTargets -configuration Debug -hideShellScriptEnvironment && Command line invocation:
    /Applications/Xcode.app/Contents/Developer/usr/bin/xcodebuild -project CMAKE_TRY_COMPILE.xcodeproj build -target cmTC_88139 -parallelizeTargets -configuration Debug -hideShellScriptEnvironment

User defaults from command line:
    HideShellScriptEnvironment = YES
    IDEPackageSupportUseBuiltinSCM = YES

ComputeTargetDependencyGraph
note: Building targets in dependency order
note: Target dependency graph (1 target)
    Target 'cmTC_88139' in project 'CMAKE_TRY_COMPILE' (no dependencies)

GatherProvisioningInputs

CreateBuildDescription
Build description signature: eecace41c706cd454925913dfb17a9a0
Build description path: /Users/abhishekshivakumar/gamedev/shadow/Example/SpriteSheet/xbuild/CMakeFiles/CMakeTmp/build/XCBuildData/eecace41c706cd454925913dfb17a9a0.xcbuilddata

CreateBuildDirectory /Users/abhishekshivakumar/gamedev/shadow/Example/SpriteSheet/xbuild/CMakeFiles/CMakeTmp
    cd /Users/abhishekshivakumar/gamedev/shadow/Example/SpriteSheet/xbuild/CMakeFiles/CMakeTmp/CMAKE_TRY_COMPILE.xcodeproj
    builtin-create-build-directory /Users/abhishekshivakumar/gamedev/shadow/Example/SpriteSheet/xbuild/CMakeFiles/CMakeTmp

ClangStatCache /Applications/Xcode.app/Contents/Developer/Toolchains/XcodeDefault.xctoolchain/usr/bin/clang-stat-cache /Applications/Xcode.app/Contents/Developer/Platforms/MacOSX.platform/Developer/SDKs/MacOSX14.2.sdk /var/folders/x5/smn11rt108jfspkvy3k6yl880000gn/C/com.apple.DeveloperTools/15.2-15C500b/Xcode/SDKStatCaches.noindex/macosx14.2-23C53-df0db8920d7ae99241a1bc0f08d2dced.sdkstatcache
    cd /Users/abhishekshivakumar/gamedev/shadow/Example/SpriteSheet/xbuild/CMakeFiles/CMakeTmp/CMAKE_TRY_COMPILE.xcodeproj
    /Applications/Xcode.app/Contents/Developer/Toolchains/XcodeDefault.xctoolchain/usr/bin/clang-stat-cache /Applications/Xcode.app/Contents/Developer/Platforms/MacOSX.platform/Developer/SDKs/MacOSX14.2.sdk -o /var/folders/x5/smn11rt108jfspkvy3k6yl880000gn/C/com.apple.DeveloperTools/15.2-15C500b/Xcode/SDKStatCaches.noindex/macosx14.2-23C53-df0db8920d7ae99241a1bc0f08d2dced.sdkstatcache

CreateBuildDirectory /Users/abhishekshivakumar/gamedev/shadow/Example/SpriteSheet/xbuild/CMakeFiles/CMakeTmp/Debug
    cd /Users/abhishekshivakumar/gamedev/shadow/Example/SpriteSheet/xbuild/CMakeFiles/CMakeTmp/CMAKE_TRY_COMPILE.xcodeproj
    builtin-create-build-directory /Users/abhishekshivakumar/gamedev/shadow/Example/SpriteSheet/xbuild/CMakeFiles/CMakeTmp/Debug

CreateBuildDirectory /Users/abhishekshivakumar/gamedev/shadow/Example/SpriteSheet/xbuild/CMakeFiles/CMakeTmp/EagerLinkingTBDs/Debug
    cd /Users/abhishekshivakumar/gamedev/shadow/Example/SpriteSheet/xbuild/CMakeFiles/CMakeTmp/CMAKE_TRY_COMPILE.xcodeproj
    builtin-create-build-directory /Users/abhishekshivakumar/gamedev/shadow/Example/SpriteSheet/xbuild/CMakeFiles/CMakeTmp/EagerLinkingTBDs/Debug

WriteAuxiliaryFile /Users/abhishekshivakumar/gamedev/shadow/Example/SpriteSheet/xbuild/CMakeFiles/CMakeTmp/CMAKE_TRY_COMPILE.build/Debug/cmTC_88139.build/Objects-normal/arm64/cmTC_88139.LinkFileList (in target 'cmTC_88139' from project 'CMAKE_TRY_COMPILE')
    cd /Users/abhishekshivakumar/gamedev/shadow/Example/SpriteSheet/xbuild/CMakeFiles/CMakeTmp
    write-file /Users/abhishekshivakumar/gamedev/shadow/Example/SpriteSheet/xbuild/CMakeFiles/CMakeTmp/CMAKE_TRY_COMPILE.build/Debug/cmTC_88139.build/Objects-normal/arm64/cmTC_88139.LinkFileList

CompileC /Users/abhishekshivakumar/gamedev/shadow/Example/SpriteSheet/xbuild/CMakeFiles/CMakeTmp/CMAKE_TRY_COMPILE.build/Debug/cmTC_88139.build/Objects-normal/arm64/HAVE_PTHREAD_NP_H.o /Users/abhishekshivakumar/gamedev/shadow/Example/SpriteSheet/xbuild/CMakeFiles/CheckIncludeFiles/HAVE_PTHREAD_NP_H.c normal arm64 c com.apple.compilers.llvm.clang.1_0.compiler (in target 'cmTC_88139' from project 'CMAKE_TRY_COMPILE')
    cd /Users/abhishekshivakumar/gamedev/shadow/Example/SpriteSheet/xbuild/CMakeFiles/CMakeTmp
    /Applications/Xcode.app/Contents/Developer/Toolchains/XcodeDefault.xctoolchain/usr/bin/clang -x c -ivfsstatcache /var/folders/x5/smn11rt108jfspkvy3k6yl880000gn/C/com.apple.DeveloperTools/15.2-15C500b/Xcode/SDKStatCaches.noindex/macosx14.2-23C53-df0db8920d7ae99241a1bc0f08d2dced.sdkstatcache -target arm64-apple-macos14.2 -fmessage-length\=0 -fdiagnostics-show-note-include-stack -fmacro-backtrace-limit\=0 -fno-color-diagnostics -Wno-trigraphs -fpascal-strings -O0 -Wno-missing-field-initializers -Wno-missing-prototypes -Wno-return-type -Wno-missing-braces -Wparentheses -Wswitch -Wno-unused-function -Wno-unused-label -Wno-unused-parameter -Wno-unused-variable -Wunused-value -Wno-empty-body -Wno-uninitialized -Wno-unknown-pragmas -Wno-shadow -Wno-four-char-constants -Wno-conversion -Wno-constant-conversion -Wno-int-conversion -Wno-bool-conversion -Wno-enum-conversion -Wno-float-conversion -Wno-non-literal-null-conversion -Wno-objc-literal-conversion -Wshorten-64-to-32 -Wpointer-sign -Wno-newline-eof -Wno-implicit-fallthrough -DCMAKE_INTDIR\=\"Debug\" -isysroot /Applications/Xcode.app/Contents/Developer/Platforms/MacOSX.platform/Developer/SDKs/MacOSX14.2.sdk -fstrict-aliasing -Wdeprecated-declarations -g -Wno-sign-conversion -Wno-infinite-recursion -Wno-comma -Wno-block-capture-autoreleasing -Wno-strict-prototypes -Wno-semicolon-before-method-body -I/Users/abhishekshivakumar/gamedev/shadow/Example/SpriteSheet/xbuild/CMakeFiles/CMakeTmp/Debug/include -I/Users/abhishekshivakumar/gamedev/shadow/Example/SpriteSheet/xbuild/CMakeFiles/CMakeTmp/CMAKE_TRY_COMPILE.build/Debug/cmTC_88139.build/DerivedSources-normal/arm64 -I/Users/abhishekshivakumar/gamedev/shadow/Example/SpriteSheet/xbuild/CMakeFiles/CMakeTmp/CMAKE_TRY_COMPILE.build/Debug/cmTC_88139.build/DerivedSources/arm64 -I/Users/abhishekshivakumar/gamedev/shadow/Example/SpriteSheet/xbuild/CMakeFiles/CMakeTmp/CMAKE_TRY_COMPILE.build/Debug/cmTC_88139.build/DerivedSources -F/Users/abhishekshivakumar/gamedev/shadow/Example/SpriteSheet/xbuild/CMakeFiles/CMakeTmp/Debug -idirafter /Users/abhishekshivakumar/gamedev/shadow/Engine/dependencies/SDL/src/video/khronos -D_GNU_SOURCE\=1 -D_THREAD_SAFE -MMD -MT dependencies -MF /Users/abhishekshivakumar/gamedev/shadow/Example/SpriteSheet/xbuild/CMakeFiles/CMakeTmp/CMAKE_TRY_COMPILE.build/Debug/cmTC_88139.build/Objects-normal/arm64/HAVE_PTHREAD_NP_H.d --serialize-diagnostics /Users/abhishekshivakumar/gamedev/shadow/Example/SpriteSheet/xbuild/CMakeFiles/CMakeTmp/CMAKE_TRY_COMPILE.build/Debug/cmTC_88139.build/Objects-normal/arm64/HAVE_PTHREAD_NP_H.dia -c /Users/abhishekshivakumar/gamedev/shadow/Example/SpriteSheet/xbuild/CMakeFiles/CheckIncludeFiles/HAVE_PTHREAD_NP_H.c -o /Users/abhishekshivakumar/gamedev/shadow/Example/SpriteSheet/xbuild/CMakeFiles/CMakeTmp/CMAKE_TRY_COMPILE.build/Debug/cmTC_88139.build/Objects-normal/arm64/HAVE_PTHREAD_NP_H.o
/Users/abhishekshivakumar/gamedev/shadow/Example/SpriteSheet/xbuild/CMakeFiles/CheckIncludeFiles/HAVE_PTHREAD_NP_H.c:2:10: fatal error: 'pthread_np.h' file not found
#include <pthread_np.h>
         ^~~~~~~~~~~~~~
1 error generated.

** BUILD FAILED **


The following build commands failed:
	CompileC /Users/abhishekshivakumar/gamedev/shadow/Example/SpriteSheet/xbuild/CMakeFiles/CMakeTmp/CMAKE_TRY_COMPILE.build/Debug/cmTC_88139.build/Objects-normal/arm64/HAVE_PTHREAD_NP_H.o /Users/abhishekshivakumar/gamedev/shadow/Example/SpriteSheet/xbuild/CMakeFiles/CheckIncludeFiles/HAVE_PTHREAD_NP_H.c normal arm64 c com.apple.compilers.llvm.clang.1_0.compiler (in target 'cmTC_88139' from project 'CMAKE_TRY_COMPILE')
(1 failure)


Source:
/* */
#include <pthread_np.h>


int main(void){return 0;}

